Date,Year,Month,Season,Crop,Region,Previous_Price,Rainfall_mm,Supply_tonnes,Demand_tonnes,Temperature_C,Humidity_Percent,Market_Distance_km,Current_Price
2023-01-01,2023,1,Winter,Rice,Barisal,43.49,43.0,4721,27623,16.8,73.2,57.7,45.3
2023-01-01,2023,1,Winter,Rice,Dhaka,63.11,76.3,4809,800,18.8,null,28.1,64.38
2023-01-02,2023,1,Winter,Cabbage,Rangpur,14.51,13.0,3170,2557,23.0,67.6,60.3,14.91
2023-01-02,2023,1,Winter,Cauliflower,Barisal,20.81,76.2,27185,3049,16.3,71.4,47.8,21.31
2023-01-02,2023,1,Winter,Cabbage,Chittagong,18.69,19.7,1769,981,19.4,51.9,99.8,19.25
2023-01-04,2023,1,Winter,Onion,Chittagong,40.42,-,1261,3016,24.3,42.4,missing,38.52
2023-01-04,2023,1,Winter,Rice,Sylhet,55.37,60.3,2737,2978,17.3,56.1,27.5,56.05
2023-01-04,2023,1,Winter,Wheat,Rajshahi,37.77,59.0,34022,3827,24.1,48.4,50.7,38.52
2023-01-06,2023,1,Winter,Tomato,Khulna,32.5,16.6,2878,2155,21.2,60.8,14.7,33.87
2023-01-07,2023,1,Winter,Tomato,Rangpur,30.11,62.8,4907,2150,22.2,40.4,99.8,30.72
2023-01-08,2023,1,Winter,Eggplant,Khulna,34.98,28.8,4795,3037,15.3,41.3,75.1,34.71
2023-01-08,2023,1,Winter,Rice,Rangpur,48.38,79.7,4531,?,19.2,49.1,108.8,50.55
2023-01-09,2023,1,Winter,Tomato,Chittagong,41.45,19.4,1472,4444,20.5,49.5,92.7,43.15
2023-01-09,2023,1,Winter,Wheat,Mymensingh,37.64,23.5,1038,1707,22.6,63.8,107.8,36.75
2023-01-09,2023,1,Winter,Cabbage,Mymensingh,14.79,44.0,4116,2556,16.5,57.9,41.2,15.17
2023-01-11,2023,1,Winter,Tomato,Chittagong,41.19,19.6,3745,3866,19.6,42.9,100.3,41.34
2023-01-11,2023,1,Winter,Onion,Chittagng,45.06,50.5,1592,2126,23.2,65.7,124.7,44.33
2023-01-11,2023,1,Winter,Onion,Mymensingh,NULL,23.6,3401,2071,24.1,?,77.9,34.88
2023-01-13,2023,1,Winter,Potato,Barisal,17.25,45.5,NA,2662,21.5,?,66.3,18.14
2023-01-13,2023,1,Winter,Onion,Khulna,39.24,12.3,3565,1204,20.1,49.5,144.4,37.54
2023-01-15,2023,1,Winter,Tomato,chittagong,39.68,57.1,3753,1873,23.2,72.9,20.7,39.35
2023-01-15,2023,1,Winter,Potato,Dhaka,null,67.5,1398,2668,23.4,42.2,123.5,26.49
2023-01-15,2023,1,Winter,Onion,Sylhet,40.81,73.8,2745,3193,18.7,66.8,140.5,39.9
2023-01-15,2023,1,Winter,Potato,Dhaka,24.87,26.6,2625,2121,19.8,70.0,32.2,26.15
2023-01-16,2023,1,Winter,Rice,Rajshahi,53.95,68.9,3125,4158,18.2,46.0,88.0,52.68
2023-01-16,2023,1,Winter,Onion,Dhaka,38.8,18.9,1739,1957,18.5,62.9,40.4,40.65
2023-01-18,2023,1,Winter,Wheat,Sylhet,41.79,58.4,2254,3519,19.7,58.6,66.7,41.45
2023-01-20,2023,1,Winter,Wheat,Rajshahi,43.59,29.2,1842,1804,23.4,60.3,17.3,42.2
2023-01-21,2023,1,Winter,Cauliflower,Sylhet,N/A,15.2,1696,4436,22.3,-,135.2,28.38
2023-01-21,2023,1,Winter,Cabbage,Rangpur,16.61,63.1,4774,2029,16.5,65.4,42.3,16.45
2023-01-21,2023,1,Winter,Cauliflower,Mymensingh,23.86,22.7,4661,881,24.5,59.8,133.4,22.79
2023-01-22,2023,1,Winter,Wheat,Dhaka,48.0,55.1,1179,1341,15.8,45.0,NA,49.24
2023-01-22,2023,1,Winter,Rice,Chittagong,57.75,17.2,4630,4226,15.0,47.9,37.9,58.24
2023-01-24,2023,1,Winter,Rice,Sylhet,56.38,64.2,3975,2531,16.1,42.1,59.1,53.76
2023-01-24,2023,1,Winter,Onion,Sylhet,43.34,27.6,3880,2265,23.7,73.9,15.8,45.3
2023-01-25,2023,1,Winter,Onion,Rangpur,32.88,70.5,4960,3967,21.4,54.0,147.3,33.62
2023-01-25,2023,1,Winter,Tomato,Rajshahi,32.28,39.2,2829,2129,15.4,43.9,111.1,32.95
2023-01-26,2023,1,Winter,Onion,Mymensingh,,65.5,-,2060,24.6,68.4,145.2,35.19
2023-01-27,2023,1,Winter,Cauliflower,Barisal,22.9,78.8,1531,3306,15.7,53.9,109.0,22.05
2023-01-27,2023,1,Winter,Cabbage,Barisal,,17.4,3382,1102,20.9,45.5,26.3,14.32
2023-01-27,2023,1,Winter,Cauliflower,Khulna,22.95,76.4,2746,3798,16.3,55.9,138.1,23.08
2023-01-28,2023,1,Winter,Potato,Rangpur,19.87,32.9,2240,3347,22.6,63.1,80.4,19.63
2023-01-29,2023,1,Winter,Potato,Sylhet,22.97,76.1,1603,1841,20.8,-,28.4,23.57
2023-01-29,2023,1,Winter,Wheat,Rangpur,33.62,61.4,2858,3398,18.6,48.4,135.2,33.18
2023-01-29,2023,1,Winter,Eggplant,Rangpur,31.84,76.0,2623,1681,18.1,64.4,49.2,31.33
2023-01-29,2023,1,Winter,Cauliflower,Chittagong,28.05,23.2,3543,2840,17.2,52.1,131.5,28.97
2023-01-30,2023,1,Winter,Rice,Barisal,49.4,30.5,2535,2564,20.3,59.8,119.9,51.22
2023-01-30,2023,1,Winter,Cabbage,Khulna,18.84,11.3,3269,3200,17.5,59.4,118.9,18.52
2023-01-30,2023,1,Winter,Eggplant,Rangpur,27.21,17.9,2587,4095,24.3,47.2,115.2,28.32
2023-01-31,2023,1,Winter,Onion,Khulna,35.85,25.3,2073,3744,23.5,48.6,33.4,37.06
2023-01-31,2023,1,Winter,Cauliflower,Rajshahi,21.15,60.9,4849,1318,19.8,73.4,55.5,21.65
2023-01-31,2023,1,Winter,Rice,Mymensingh,48.6,42.6,1716,854,15.4,42.2,116.6,48.23
2023-02-01,2023,2,Winter,Wheat,Khulna,39.0,41.8,1644,2315,18.2,72.9,91.5,39.75
2023-02-01,2023,2,Winter,Potato,Barisal,17.03,75.1,4735,3221,21.1,68.3,79.1,17.88
2023-02-02,2023,2,Winter,Cabbage,Dhaka,18.56,null,3432,937,,70.5,40.5,18.66
2023-02-02,2023,2,Winter,Cauliflower,Dhaka,31.28,62.8,2377,4192,23.1,60.7,114.8,30.06
2023-02-04,2023,2,Winter,Cauliflower,Chittagong,27.06,70.9,1032,1450,18.3,62.7,19.5,27.27
2023-02-05,2023,2,Winter,Wheat,Chittagong,44.58,35.4,3229,1502,24.5,40.0,48.6,44.93
2023-02-06,2023,2,winter,Eggplant,Mymensingh,27.82,10.4,2885,2145,16.1,52.2,109.8,28.39
2023-02-08,2023,2,Winter,Potato,Sylhet,22.46,53.3,,3641,19.0,70.8,missing,22.68
2023-02-11,2023,2,Winter,Potato,Chittagong,22.55,38.1,4444,1702,15.9,41.9,98.0,22.67
2023-02-11,2023,2,Winter,Onion,Dhaka,42.9,50.8,1029,2231,20.8,52.9,135.3,42.05
2023-02-12,2023,2,Winter,Onion,Dhaka,46.33,79.4,NA,1854,23.4,69.7,83.4,48.69
2023-02-13,2023,2,Winter,Wheat,Chittagong,44.98,18.2,4129,1777,21.7,71.6,66.2,45.62
2023-02-14,2023,2,Winter,Rice,Barisal,47.84,40.4,2369,3326,22.6,41.5,112.4,46.42
2023-02-14,2023,2,Winter,Potato,Rajshahi,19.93,33.4,1742,3582,23.9,64.1,95.6,20.08
2023-02-16,2023,2,Winter,Onion,Sylhet,39.73,20.4,4619,1937,17.7,67.7,98.1,38.1
2023-02-16,2023,2,Winter,Rice,Barisal,43.61,31.6,2460,3878,19.0,46.8,114.0,44.58
2023-02-18,2023,2,Winter,Wheat,Rajshahi,38.1,65.4,2729,16876,18.8,74.9,81.7,39.84
2023-02-18,2023,2,Winter,Cauliflower,Sylhet,24.8,35.8,4643,2438,23.9,53.5,146.2,24.21
2023-02-19,2023,2,Winter,Rice,Barisal,45.5,40.6,1131,2865,18.3,58.9,46.0,43.86
2023-02-20,2023,2,Winter,Wheat,Sylhet,43.32,39.7,3486,2610,NULL,,55.1,43.69
2023-02-20,2023,2,Winter,Onion,Sylhet,40.61,71.9,4168,4189,16.7,50.3,138.3,41.5
2023-02-20,2023,2,Winter,Potato,Rajshahi,17.71,34.4,1595,N/A,20.8,61.1,53.0,18.58
2023-02-20,2023,2,Winter,Onion,Barisal,35.66,79.0,4433,2994,22.2,50.2,28.4,36.04
2023-02-22,2023,2,Winter,Tomato,Sylhet,38.73,50.5,1871,1433,17.2,43.8,127.6,38.13
2023-02-22,2023,2,Winter,Cauliflower,Chittagong,24.3,18.1,1341,2749,20.4,47.5,75.6,25.06
2023-02-23,2023,2,Winter,Onion,Chittagong,41.74,40.4,1061,1485,20.8,53.9,40.2,40.55
2023-02-24,2023,2,Winter,Wheat,Barisal,36.24,23.3,3855,3069,22.3,49.3,45.8,35.45
2023-02-25,2023,2,Winter,Tomato,Dhaka,41.15,49.5,2338,2857,16.5,63.6,149.6,40.35
2023-02-26,2023,2,Winter,Rice,Khulna,49.51,24.8,1562,3930,18.3,40.3,113.3,50.75
2023-02-27,2023,2,Winter,Onion,Dhaka,49.49,38.1,1271,1664,20.7,65.1,35.8,47.53
2023-02-27,2023,2,Winter,Eggplant,Khulna,33.31,65.8,1748,3625,23.6,48.0,109.0,31.92
2023-02-27,2023,2,Winter,Cabbage,Rangpur,13.95,30.4,1260,1722,16.9,63.0,68.6,14.41
2023-02-28,2023,2,Winter,Wheat,Rajshahi,35.23,14.8,4530,missing,24.4,59.9,88.9,35.57
2023-02-28,2023,2,Winter,Wheat,Sylhet,47.95,61.3,4705,1830,18.3,63.3,41.4,47.29
2023-03-01,2023,3,Summer,Onion,Dhaka,37.49,missing,3886,1615,36.2,57.7,97.1,38.36
2023-03-04,2023,3,Summer,Onion,Sylhet,?,87.6,N/A,4152,31.0,47.1,47.9,34.54
2023-03-05,2023,3,Summer,Tomato,Chittagong,45.93,null,2808,null,34.3,41.0,30.2,46.51
2023-03-06,2023,3,Summer,Cauliflower,Barisal,35.9,100.1,4397,1302,33.3,68.9,135.4,36.01
2023-03-07,2023,3,Summer,Cabbage,Barisal,24.65,138.6,2625,4239,29.4,43.9,111.5,24.11
2023-03-07,2023,3,Summer,Eggplant,Rajshahi,39.59,145.8,2036,3203,34.0,70.7,142.8,39.95
2023-03-08,2023,3,Summer,Potato,Dhaka,38.38,94.2,2234,3301,28.7,63.7,86.1,37.9
2023-03-08,2023,3,Summer,Onion,Dhaka,41.3,80.9,3259,1626,28.3,49.4,146.6,40.74
2023-03-08,2023,3,Summer,Cabbage,Sylhet,26.68,120.1,3664,3436,36.8,40.6,144.8,25.88
2023-03-09,2023,3,Summer,Cauliflower,Barisal,37.73,132.8,2945,2186,30.9,43.6,86.5,36.98
2023-03-10,2023,3,Summer,Wheat,Rangpur,41.61,105.2,4508,1931,37.2,40.4,106.6,41.53
2023-03-10,2023,3,Summer,Rice,Rajshahi,55.1,62.1,-,1812,32.7,69.1,69.4,56.78
2023-03-11,2023,3,Summer,Rice,Barisal,47.85,73.8,3740,2788,29.3,72.7,87.8,49.26
2023-03-11,2023,3,Summer,Rice,Rangpur,51.66,81.0,2852,4487,?,69.2,125.9,52.51
2023-03-15,2023,3,Summer,Potato,Dhaka,33.18,83.2,1358,1100,35.9,59.5,88.4,34.73
2023-03-15,2023,3,Summer,Cauliflower,Dhaka,44.79,83.4,3765,2148,35.5,66.9,127.6,45.94
2023-03-15,2023,3,Summer,Tomato,Sylhet,51.85,69.5,4507,3044,29.3,66.3,89.2,52.41
2023-03-15,2023,3,Summer,Tomato,Khulna,49.76,80.3,1857,3019,37.5,46.7,7.4,49.08
2023-03-16,2023,3,Summer,Onion,Mymensingh,30.8,114.0,1063,985,30.1,missing,139.0,29.55
2023-03-17,2023,3,Summer,Cauliflower,Rangpur,38.23,137.4,3415,2024,33.6,55.3,52.5,37.95
2023-03-18,2023,3,Summer,Tomato,Dhaka,50.72,135.0,1064,1648,null,64.9,62.8,50.28
2023-03-19,2023,3,Summer,Rice,Dhaka,69.62,107.9,4150,3216,28.4,49.1,134.6,71.68
2023-03-19,2023,3,Summer,Onion,Sylhet,35.82,79.7,3349,2446,34.2,73.5,109.1,34.76
2023-03-20,2023,3,Summer,Onion,Mymensingh,32.29,50.6,4177,3849,37.1,67.0,11.4,31.33
2023-03-21,2023,3,Summer,Tomato,Khulna,43.0,82.0,?,1130,-,64.3,107.4,44.61
2023-03-21,2023,3,Summer,Cauliflower,Chittagong,44.94,140.2,1734,1714,37.8,73.4,15.0,43.61
2023-03-21,2023,3,Summer,Onion,Chittagong,33.15,73.1,2578,1576,34.6,60.0,142.4,34.2
2023-03-22,2023,3,Summer,Wheat,Mymensingh,43.54,147.8,3181,3936,34.6,73.1,28.9,45.23
2023-03-22,2023,3,Summer,Rice,Barisal,50.37,131.7,2706,4354,35.7,66.2,128.2,52.36
2023-03-22,2023,3,Summer,Wheat,Khulna,50.58,130.7,3679,1376,29.6,73.7,79.9,49.26
2023-03-23,2023,3,Summer,Eggplant,Dhaka,45.17,124.3,4647,2503,35.9,42.0,94.5,43.76
2023-03-23,2023,3,Summer,Potato,Sylhet,,57.8,4645,3298,missing,66.0,144.3,32.71
2023-03-23,2023,3,Summer,Eggplant,Sylhet,40.64,62.8,4698,2030,NA,50.3,11.9,39.3
2023-03-23,2023,3,Summer,Eggplant,Dhaka,50.65,117.5,2304,3209,37.1,64.4,92.8,49.31
2023-03-24,2023,3,Summer,Onion,Rangpur,28.4,92.7,3833,2037,33.3,71.0,90.0,28.4
2023-03-24,2023,3,Summer,Eggplant,Rajshahi,35.51,54.2,1145,2834,34.5,55.1,49.0,108.31006702971155
2023-03-25,2023,3,Summer,Eggplant,Barisal,33.14,106.4,1252,4194,33.1,60.0,26.7,32.98
2023-03-26,2023,3,Summer,Eggplant,Rangpur,37.7,83.1,4514,1190,37.2,48.0,135.7,36.27
2023-03-26,2023,3,Summer,Cauliflower,Khulna,39.88,54.1,3244,1434,30.7,57.3,125.8,39.22
2023-03-28,2023,3,Summer,Rice,Barisal,52.99,121.9,4603,1316,33.4,47.5,79.2,52.88
2023-03-28,2023,3,Summer,Rice,Sylhet,67.17,88.4,1077,4333,32.4,47.9,60.0,67.97
2023-03-29,2023,3,Summer,Wheat,Dhaka,51.63,112.1,1604,4358,30.9,52.0,121.6,49.97
2023-04-01,2023,4,Summer,Onion,Dhaka,39.24,99.1,3503,1654,28.4,64.1,93.9,38.43
2023-04-01,2023,4,Summer,Wheat,Chittagong,47.81,58.6,2300,3221,28.2,45.9,6.5,47.21
2023-04-02,2023,4,Summer,Potato,Sylhet,37.65,117.9,1241,missing,29.8,65.0,48.2,35.99
2023-04-02,2023,4,Summer,Wheat,Barisal,44.36,76.9,1858,3864,31.1,74.5,-,44.82
2023-04-02,2023,4,Summer,Wheat,Rajshahi,46.57,96.1,2938,1848,32.4,72.3,141.3,45.38
2023-04-03,2023,4,Summer,Onion,Rangpur,27.99,89.4,1541,2176,33.7,N/A,N/A,29.21
2023-04-03,2023,4,Summer,Cabbage,Sylhet,24.62,84.0,2449,2425,31.9,69.6,111.8,25.56
2023-04-04,2023,4,Summer,Rice,Rangpur,53.7,73.3,1204,3736,31.2,58.5,74.0,56.06
2023-04-05,2023,4,Summer,Wheat,Rajshahi,48.13,134.6,1359,3150,34.1,74.8,114.0,46.18
2023-04-06,2023,4,Summer,Onion,Sylhet,33.71,69.9,1100,989,32.8,69.7,15.6,34.59
2023-04-06,2023,4,Summer,Eggplant,Rajshahi,37.25,131.6,1721,1573,37.4,46.3,45.9,36.99
2023-04-08,2023,4,Summer,Rice,Dhaka,-,-,1698,2146,32.4,61.8,132.4,72.5
2023-04-10,2023,4,summer,Cauliflower,Rangpur,39.71,100.4,3056,4107,28.2,67.9,74.2,38.65
2023-04-10,2023,4,Summer,Wheat,Chittagong,44.9,142.0,4561,1016,28.9,72.6,56.7,45.67
2023-04-11,2023,4,Summer,Eggplant,Chittagong,46.27,70.6,3034,2859,34.7,45.8,48.4,44.87
2023-04-13,2023,4,Summer,Tomato,Khulna,48.9,135.6,1803,1397,35.4,56.6,6.4,47.48
2023-04-14,2023,4,Summer,Rice,Dhaka,66.52,145.5,3725,3185,28.4,47.4,119.8,64.65
2023-04-14,2023,4,Summer,Rice,Dhaka,70.37,104.0,4910,1083,31.2,48.1,35.3,71.61
2023-04-15,2023,4,Summer,Potato,Chittagong,NA,133.0,1910,1335,32.0,64.0,,30.42
2023-04-19,2023,4,Summer,Eggplant,Khulna,42.11,127.8,4405,2942,31.6,54.3,28.3,40.21
2023-04-20,2023,4,Summer,Cauliflower,Chittagong,46.03,103.3,2641,3218,34.2,59.2,146.2,46.43
2023-04-21,2023,4,Summer,Rice,Sylhet,68.53,114.9,1946,2359,35.1,71.6,75.3,68.47
2023-04-22,2023,4,Summer,Eggplant,Mymensingh,33.66,85.4,2777,missing,36.7,,32.5,34.14
2023-04-23,2023,4,Summer,Rice,Rajshahi,49.79,129.0,1974,3211,29.7,41.8,112.5,50.68
2023-04-24,2023,4,Summer,Rice,Sylhet,60.21,82.9,3509,4042,30.7,46.0,25.0,58.39
2023-04-25,2023,4,Summer,Eggplant,Khulna,42.07,113.5,4094,2668,30.5,54.3,44.3,40.1
2023-04-27,2023,4,Summer,Cabbage,Sylhet,28.77,78.3,NA,2917,31.7,68.1,69.6,27.87
2023-04-27,2023,4,Summer,Cabbage,Mymensingh,25.73,61.7,1537,871,31.1,52.7,123.5,25.78
2023-04-28,2023,4,Summer,Onion,Mymensingh,33.28,126.7,38867,3281,35.5,44.0,123.8,32.93
2023-04-28,2023,4,Summer,Potato,Dhaka,38.36,143.2,3248,2689,28.7,63.5,41.3,37.81
2023-04-29,2023,4,summer,Tomato,Rangpur,42.76,139.5,2085,1173,31.9,53.0,60.3,42.16
2023-04-30,2023,4,Summer,Wheat,Barisal,40.22,64.1,4933,4148,35.9,41.5,13.5,40.26
2023-05-01,2023,5,Summer,Cabbage,Chittagong,28.9,102.4,4901,2863,29.7,49.6,145.3,28.08
2023-05-03,2023,5,Summer,Potato,Rangpur,28.28,109.1,1416,3836,37.8,42.3,146.4,27.13
2023-05-04,2023,5,Summer,Eggplant,Barisal,38.0,51.2,1863,2354,31.3,61.4,42.7,37.69
2023-05-04,2023,5,Summer,Rice,Khulna,56.18,109.7,1968,2819,33.0,73.2,44.0,56.13
2023-05-06,2023,5,Summer,Onion,Rangpur,32.34,77.9,3922,3937,30.7,67.6,98.4,32.08
2023-05-06,2023,5,Summer,Wheat,Chittagong,49.36,104.4,3027,3688,31.6,72.0,36.9,48.23
2023-05-06,2023,5,Summer,Cauliflower,Rajshahi,35.38,73.5,2803,3462,37.5,40.7,126.3,34.47
2023-05-08,2023,5,Summer,Eggplant,Sylhet,44.34,144.3,3049,3011,28.8,41.4,67.6,44.37
2023-05-09,2023,5,Summer,Eggplant,Dhaka,42.33,65.1,3021,1689,31.1,68.0,149.7,43.01
2023-05-10,2023,5,Summer,Wheat,Rangpur,44.67,112.7,2065,4229,37.5,47.1,18.5,44.43
2023-05-10,2023,5,Summer,Cauliflower,Sylhet,44.83,105.3,4848,1139,37.7,46.4,123.9,42.83
2023-05-11,2023,5,Summer,Rice,Mymensingh,54.3,61.1,1155,4212,28.8,64.3,14.8,54.91
2023-05-12,2023,5,Summer,Wheat,Barisal,40.97,144.2,1207,1488,32.3,65.4,76.9,39.3
2023-05-14,2023,5,Summer,Cabbage,Rajshahi,26.24,119.6,2037,2006,37.4,62.4,138.8,26.33
2023-05-14,2023,5,summer,Cabbage,Barisal,22.64,-,1546,null,33.9,51.5,45.9,23.4
2023-05-14,2023,5,Summer,Cauliflower,Barisal,38.75,86.1,4189,3212,31.7,62.8,35.5,38.64
2023-05-18,2023,5,Summer,Cauliflower,Chittagong,40.3,61.7,2529,3640,31.9,60.9,88.3,41.8
2023-05-18,2023,5,Summer,Tomato,Barisal,46.9,126.0,3133,4043,34.5,50.1,8.4,44.76
2023-05-18,2023,5,Summer,Onion,Barisal,30.2,122.9,2728,1104,30.6,62.7,28.7,30.05
2023-05-19,2023,5,Summer,Potato,Mymensingh,29.51,113.6,3310,2581,34.4,50.8,55.3,29.44
2023-05-19,2023,5,Summer,Tomato,Rangpur,48.24,61.1,4829,4039,30.0,62.2,47.4,46.12
2023-05-20,2023,5,Summer,Eggplant,Mymensingh,37.67,149.8,4637,2980,32.1,61.6,137.1,36.94
2023-05-21,2023,5,Summer,Potato,Khulna,30.41,90.9,4968,861,37.5,47.8,102.3,29.17
2023-05-21,2023,5,Summer,Cabbage,Mymensingh,26.12,119.5,4810,2543,32.5,54.8,123.9,25.8
2023-05-21,2023,5,Summer,Wheat,Dhaka,49.37,107.0,3722,1604,-,53.1,43.1,49.64
2023-05-22,2023,5,Summer,Cauliflower,Rajshahi,36.37,85.5,3896,2562,33.0,46.5,63.2,35.04
2023-05-23,2023,5,Summer,Rice,Rajshahi,58.95,95.3,2193,2397,32.5,47.2,132.2,58.28
2023-05-23,2023,5,Summer,Tomato,Mymensingh,39.84,135.3,4980,2524,36.3,42.0,25.0,40.89
2023-05-23,2023,5,Summer,Potato,Barisal,30.92,55.4,1370,2066,29.4,52.1,62.4,30.04
2023-05-24,2023,5,Summer,Eggplant,Rajshahi,40.89,104.2,3628,N/A,36.4,42.6,123.6,40.79
2023-05-24,2023,5,Summer,Eggplant,Rajshahi,36.88,144.9,3700,4372,35.4,56.9,57.0,35.23
2023-05-24,2023,5,Summer,Tomato,Sylhet,55.38,56.8,4437,3442,37.6,61.2,31.2,55.47
2023-05-27,2023,5,Summer,Tomato,Rajshahi,43.09,106.1,2076,3859,37.0,54.0,36.8,42.73
2023-05-27,2023,5,Summer,Onion,Chittagong,39.95,121.7,2156,4432,30.5,48.8,110.9,39.5
2023-05-27,2023,5,Summer,Wheat,Khulna,?,50.3,1239,4132,33.7,70.0,115.5,41.77
2023-05-28,2023,5,Summer,Wheat,Rajshahi,43.03,77.5,2672,null,28.6,NULL,106.4,41.52
2023-05-30,2023,5,Summer,Rice,Sylhet,65.73,57.1,2925,?,36.4,68.6,125.1,67.82
2023-05-30,2023,5,Summer,Rice,Barisal,58.58,91.4,2684,2042,37.3,71.3,140.3,58.92
2023-05-31,2023,5,Summer,Eggplant,Chittagong,44.36,74.1,4662,2687,28.3,63.2,70.6,45.79
2023-06-01,2023,6,Summer,Wheat,Barisal,37.91,136.8,1739,4219,33.1,49.5,134.2,39.21
2023-06-01,2023,6,Summer,Cabbage,Rangpur,23.68,66.8,1230,1193,32.7,73.1,22.0,24.03
2023-06-01,2023,6,Summer,Cabbage,Khulna,25.92,64.2,3039,926,35.4,74.1,57.1,26.6
2023-06-02,2023,6,Summer,Cauliflower,Chittagong,45.64,116.5,2677,2386,32.0,58.9,143.9,46.89
2023-06-02,2023,6,Summer,Cabbage,Khulna,23.82,74.1,3001,2039,37.5,62.8,59.4,23.38
2023-06-03,2023,6,Summer,Potato,Chittagong,36.14,106.3,1413,4018,33.4,52.0,64.6,36.93
2023-06-03,2023,6,Summer,Potato,Mymensingh,30.09,,3861,2026,35.2,55.5,98.5,30.18
2023-06-04,2023,6,Summer,Cauliflower,Dhaka,44.34,79.5,4770,1151,37.4,45.0,50.2,46.11
2023-06-07,2023,6,Summer,Rice,Barisal,50.02,58.8,4374,3511,32.8,43.4,35.0,49.4
2023-06-07,2023,6,Summer,Potato,Khulna,28.43,149.4,3353,1318,31.7,47.2,107.5,28.6
2023-06-07,2023,6,Summer,Wheat,Barisal,47.49,144.9,1167,2362,30.6,61.9,66.8,45.94
2023-06-08,2023,6,Summer,Wheat,Mymensingh,45.17,76.5,3552,3637,28.8,51.5,102.8,45.64
2023-06-08,2023,6,Summer,Wheat,Sylhet,55.43,60.1,4157,3010,36.8,41.3,53.8,53.63
2023-06-10,2023,6,Summer,Eggplant,Mymensingh,38.68,57.5,3013,2113,37.7,41.8,37.3,39.71
2023-06-10,2023,6,Summer,Rice,Rangpur,52.04,109.1,2547,3326,35.7,50.0,13.9,51.14
2023-06-10,2023,6,Summer,Wheat,Rajshahi,46.5,97.8,1281,2393,36.7,44.5,34.8,44.48
2023-06-10,2023,6,Summer,Cabbage,Rangpur,21.5,94.3,3842,1645,34.7,49.6,113.2,21.75
2023-06-10,2023,6,Summer,Eggplant,Barisal,34.41,77.4,2130,1610,32.5,45.7,23.6,33.71
2023-06-11,2023,6,summer,Cabbage,Rajshahi,23.65,101.9,1620,3839,34.7,52.8,139.1,22.94
2023-06-13,2023,6,Summer,Cauliflower,Barisal,34.78,65.9,3108,2712,31.1,40.8,142.1,34.78
2023-06-13,2023,6,Summer,Wheat,Khulna,49.97,76.7,4343,4040,28.6,74.9,36.8,47.97
2023-06-13,2023,6,Summer,Onion,Dhaka,43.39,129.1,2865,2863,33.3,50.6,36.9,42.51
2023-06-13,2023,6,Summer,Potato,Barisal,26.28,69.0,2271,2873,33.6,66.5,83.0,25.76
2023-06-15,2023,6,Summer,Eggplant,Dhka,51.16,96.4,1567,4380,29.8,70.5,95.9,50.14
2023-06-15,2023,6,Summer,Wheat,Rajshahi,NA,137.0,1465,NULL,33.0,61.9,81.1,41.52
2023-06-16,2023,6,Summer,Potato,Rajshahi,31.46,54.4,2492,3570,37.7,61.4,114.1,30.78
2023-06-16,2023,6,Summer,Wheat,Khulna,45.04,72.1,1771,4056,34.1,69.1,81.2,43.32
2023-06-19,2023,6,Summer,Rice,Sylhet,63.31,62.4,3291,1148,34.2,60.2,12.7,65.32
2023-06-20,2023,6,Summer,Eggplant,Barisal,36.69,122.7,N/A,2244,,62.4,119.8,36.27
2023-06-20,2023,6,Summer,Cauliflower,Rajshahi,37.28,60.3,3350,3561,30.3,57.8,11.4,36.47
2023-06-23,2023,6,Summer,Cauliflower,Rangpur,37.42,64.2,1995,4058,30.6,51.6,105.6,37.49
2023-06-23,2023,6,Summer,Potato,Chittagong,32.37,139.7,1377,2519,29.1,56.6,147.6,30.86
2023-06-24,2023,6,Summer,Cauliflower,Rajshahi,38.56,100.1,3143,2333,37.3,62.7,131.3,39.04
2023-06-25,2023,6,Summer,Potato,Rajshahi,28.77,101.6,2940,3476,32.2,65.4,38.2,28.5
2023-06-25,2023,6,Summer,Rice,Mymensingh,58.37,55.8,2423,2752,29.5,63.9,14.5,56.3
2023-06-26,2023,6,Summer,Tomato,Sylhet,45.23,73.6,1832,2588,30.4,64.0,127.6,47.16
2023-06-27,2023,6,Summer,Potato,Khulna,32.98,130.6,3857,2269,28.3,64.5,142.4,31.67
2023-06-27,2023,6,Summer,Onion,Khulna,33.35,92.6,2913,2075,30.0,54.8,92.8,34.51
2023-06-27,2023,6,Summer,Potato,Dhaka,34.85,92.4,4883,4387,35.1,49.0,87.9,35.01
2023-06-29,2023,6,Summer,Eggplant,Mymensingh,33.55,135.1,4812,4092,29.9,67.4,79.0,33.49
2023-06-29,2023,6,Summer,Cabbage,Khulna,23.98,111.8,2769,2675,34.6,64.4,18.9,24.26
2023-06-30,2023,6,Summer,Rice,Rangpur,53.44,79.9,2597,4471,34.9,57.0,133.4,55.63
2023-06-30,2023,6,Summer,Wheat,Rajshahi,41.37,90.5,2221,4378,36.7,58.4,102.1,40.51
2023-06-30,2023,6,Summer,Tomato,Mymensingh,43.41,60.9,1204,3447,29.1,44.0,134.8,44.53
2023-07-01,2023,7,Monsoon,Potato,Rajshahi,22.28,331.5,3482,4415,31.2,80.5,93.3,22.68
2023-07-01,2023,7,Monsoon,Rice,Mymensingh,51.7,missing,4732,2380,26.6,86.5,15.1,52.84
2023-07-03,2023,7,Monsoon,Wheat,Chittagong,57.88,248.2,3538,2956,27.5,89.9,16.5,59.35
2023-07-03,2023,7,Monsoon,Eggplant,Rangpur,30.3,363.0,4737,4275,25.2,79.8,66.3,31.37
2023-07-03,2023,7,Monsoon,Potato,Dhaka,29.46,299.0,1489,2159,31.6,84.4,142.6,30.72
2023-07-04,2023,7,Monsoon,Onion,Sylhet,45.71,200.3,1098,2704,25.8,91.2,120.9,45.14
2023-07-04,2023,7,Monsoon,Wheat,Chittagong,58.37,272.3,4433,1651,28.4,70.5,15.7,59.01
2023-07-06,2023,7,Monsoon,Cauliflower,Khulna,34.63,220.8,3032,1376,25.5,78.7,51.3,35.22
2023-07-07,2023,7,Monsoon,Cauliflower,Chittagong,35.32,244.7,4569,2057,31.2,79.3,89.9,35.6
2023-07-09,2023,7,Monsoon,Rice,Sylhet,67.44,322.5,3442,1751,25.2,missing,N/A,69.31
2023-07-10,2023,7,Monsoon,Rice,Mymensingh,61.68,291.3,3359,3644,27.8,90.9,41.6,62.08
2023-07-10,2023,7,Monsoon,Eggplant,Sylhet,40.85,318.4,4526,1050,28.6,72.0,146.3,41.09
2023-07-11,2023,7,Monsoon,Tomato,Sylhet,47.18,229.7,3515,3336,29.5,82.5,133.0,46.63
2023-07-12,2023,7,Monsoon,Wheat,Rajshahi,47.17,222.1,2865,3330,29.9,82.3,51.5,168.90881587143477
2023-07-13,2023,7,Monsoon,Cabbage,Sylhet,24.26,356.8,4251,1780,25.8,82.5,91.1,24.27
2023-07-13,2023,7,Monsoon,Potato,Dhaka,28.86,207.2,2065,1469,?,?,139.4,28.28
2023-07-13,2023,7,Monsoon,Wheat,Chittagong,53.62,369.7,4097,1732,29.4,84.8,92.2,55.49
2023-07-14,2023,7,Monsoon,Wheat,Chittagong,null,270.9,2683,2712,25.4,86.3,null,61.08
2023-07-14,2023,7,Monsoon,Wheat,Mymensingh,48.13,242.4,3619,3245,25.4,78.3,148.4,45.96
2023-07-14,2023,7,Monsoon,Eggplant,Khulna,33.54,248.4,2087,1646,30.8,90.9,56.6,34.47
2023-07-14,2023,7,Monsoon,Cabbage,Rangpur,18.23,null,NULL,4062,29.6,84.8,20.5,18.94
2023-07-16,2023,7,Monsoon,Tomato,Rangpur,39.39,382.6,1447,4356,null,72.1,23.1,38.86
2023-07-17,2023,7,Monsoon,Potato,Mymensingh,24.59,374.9,1717,2734,31.4,78.1,47.5,23.56
2023-07-18,2023,7,Monsoon,Cauliflower,Sylhet,33.34,225.4,3835,3129,26.0,91.3,71.5,34.88
2023-07-18,2023,7,Monsoon,Potato,Sylhet,26.43,296.3,3543,2621,26.0,71.1,23.5,27.29
2023-07-20,2023,7,Monsoon,Cabbage,Dhaka,25.91,210.4,4136,2345,28.0,80.7,25.0,25.41
2023-07-22,2023,7,Monsoon,Cabbage,Chittagong,25.06,329.5,4720,1888,25.5,74.1,49.6,24.27
2023-07-22,2023,7,monsoon,Onion,Dhaka,44.9,299.7,2124,2525,28.2,85.0,90.7,46.68
2023-07-22,2023,7,Monsoon,Tomato,Rangpur,38.58,275.4,3008,897,27.3,82.1,61.4,38.61
2023-07-22,2023,7,Monsoon,Potato,Rangpur,23.16,249.1,4024,1334,28.4,85.3,115.7,22.57
2023-07-23,2023,7,Monsoon,Eggplant,Chittagong,41.01,396.4,?,2393,27.2,78.1,96.2,40.28
2023-07-24,2023,7,Monsoon,Wheat,Rajshahi,54.54,290.4,4680,3721,25.6,87.0,127.6,54.84
2023-07-24,2023,7,Monsoon,Potato,Sylhet,26.39,287.9,1378,2806,27.5,89.3,80.8,26.78
2023-07-25,2023,7,monsoon,Cabbage,Rajshahi,21.25,221.7,3214,3948,29.3,72.7,69.0,21.4
2023-07-26,2023,7,Monsoon,Wheat,Barisal,47.0,295.1,3833,2714,27.3,84.5,144.6,46.54
2023-07-26,2023,7,Monsoon,Onion,Barisal,36.32,240.0,1065,2527,25.1,90.5,N/A,38.12
2023-07-26,2023,7,Monsoon,Tomato,Mymensingh,36.05,394.5,2631,2347,28.1,82.6,111.6,37.29
2023-07-26,2023,7,Monsoon,Potato,Dhaka,28.83,283.6,3914,1834,30.3,91.2,86.3,27.74
2023-07-27,2023,7,Monsoon,Tomato,Dhaka,NULL,389.8,2214,2396,31.8,92.3,NULL,54.98
2023-07-27,2023,7,Monsoon,Potato,Sylhet,24.93,340.3,1045,2323,30.5,72.8,101.6,26.08
2023-07-28,2023,7,Monsoon,Cauliflower,Barisal,30.01,312.5,1906,3836,26.8,93.4,89.0,31.11
2023-07-29,2023,7,Monsoon,Rce,Sylhet,66.84,336.5,4816,1340,27.9,88.4,8.1,67.01
2023-07-30,2023,7,Monsoon,Eggplant,Chittagong,41.77,289.1,46753,2657,27.9,84.1,86.0,43.37
2023-07-30,2023,7,Monsoon,Cauliflower,Rangpur,29.39,231.0,3668,3197,31.0,80.6,58.0,30.13
2023-07-30,2023,7,Monsoon,Cauliflower,Rajshahi,34.19,341.6,4121,2872,31.1,73.9,57.7,34.2
2023-07-30,2023,7,Monsoon,Cabbage,Rajshahi,21.85,201.3,1040,1102,28.9,73.6,68.9,22.17
2023-07-30,2023,7,Monsoon,Eggplant,Rangpur,36.5,284.7,4060,1912,29.4,85.2,67.3,35.38
2023-08-01,2023,8,Monsoon,Eggplant,Sylhet,40.36,370.5,1370,1445,27.1,87.6,92.5,39.16
2023-08-02,2023,8,Monsoon,Potato,Rangpur,23.94,257.0,4082,3479,27.1,90.0,111.7,24.8
2023-08-03,2023,8,Monsoon,Eggplant,Sylhet,43.32,213.8,4472,4059,29.7,73.5,48.9,42.08
2023-08-03,2023,8,Monsoon,Eggplant,Khulna,37.47,357.2,4103,2719,28.2,89.8,50.4,36.65
2023-08-03,2023,8,Monsoon,Eggplant,Mymensingh,37.74,206.0,1569,3165,27.1,88.4,77.5,36.38
2023-08-03,2023,8,Monsoon,Onion,Dhaka,42.15,272.8,2236,4472,30.7,73.1,77.4,42.98
2023-08-03,2023,8,Monsoon,Eggplant,Mymensingh,33.39,330.4,2318,NA,28.6,91.5,148.9,32.71
2023-08-04,2023,8,Monsoon,Cauliflower,Dhaka,39.4,351.1,1475,1015,27.8,77.5,113.2,40.75
2023-08-05,2023,8,Monsoon,Rice,Sylhet,68.8,211.1,1289,3041,27.7,80.0,30.8,65.83
2023-08-05,2023,8,Monsoon,Potato,Chittagong,27.58,398.7,1119,1456,27.3,79.6,45.7,26.45
2023-08-07,2023,8,Monsoon,Tomato,Rajshahi,44.71,376.2,4601,1800,26.1,90.8,107.0,45.3
2023-08-08,2023,8,Monsoon,Eggplant,Sylhet,40.93,223.6,2144,3484,31.5,78.4,134.4,39.86
2023-08-08,2023,8,Monsoon,Tomato,Barisal,41.65,329.6,1941,3121,30.9,75.4,missing,40.09
2023-08-11,2023,8,Monsoon,Onion,Khulna,37.93,258.1,2414,3554,30.0,94.4,30.8,39.38
2023-08-11,2023,8,Monsoon,Wheat,Barisal,53.7,234.6,4382,4482,29.0,92.7,91.3,52.7
2023-08-11,2023,8,Monsoon,Cauliflower,Dhaka,38.03,379.8,2800,1304,27.6,81.1,112.9,36.8
2023-08-12,2023,8,Monsoon,Cabbage,Khulna,22.04,264.6,2161,2183,25.9,91.3,119.3,21.94
2023-08-13,2023,8,Monsoon,Cauliflower,Rangpur,34.97,373.6,3103,1631,26.3,76.9,28.8,34.02
2023-08-15,2023,8,Monsoon,Onion,Mymensingh,39.92,207.4,3018,3683,26.5,74.9,124.1,39.11
2023-08-17,2023,8,Monsoon,Cauliflower,Mymensingh,34.52,240.1,4364,3152,31.3,87.9,88.6,33.11
2023-08-18,2023,8,Monsoon,Potato,Sylhet,30.5,234.9,4962,2391,31.2,79.2,8.0,29.05
2023-08-19,2023,8,Monsoon,Tomato,Rajshahi,46.41,382.9,3303,2490,28.9,73.4,40.2,44.34
2023-08-22,2023,8,Monsoon,Cauliflower,Rangpur,28.77,228.3,2008,3346,31.2,80.6,87.7,28.29
2023-08-26,2023,8,Monsoon,Onion,Sylhet,39.99,264.0,3172,2732,27.1,85.2,87.8,41.64
2023-08-26,2023,8,Monsoon,Rice,Sylhet,66.48,319.6,2868,4161,26.1,86.5,58.8,66.66
2023-08-27,2023,8,Monsoon,Potato,Rajshahi,25.33,264.6,4096,3398,25.1,89.1,76.4,24.91
2023-08-28,2023,8,Monsoon,Cauliflower,Barisal,29.33,375.3,3704,2935,27.1,71.5,142.5,30.17
2023-08-29,2023,8,Monsoon,Tomato,Mymensingh,44.53,323.4,2770,1399,26.3,90.5,100.3,43.93
2023-08-30,2023,8,Monsoon,Wheat,Rajshahi,50.35,234.7,1626,3913,25.5,93.8,96.1,49.08
2023-08-30,2023,8,Monsoon,Tomato,Khulna,46.39,232.0,2797,3386,30.7,86.1,119.5,47.25
2023-08-31,2023,8,Monsoon,Potato,Rangpur,22.51,242.7,2642,4496,27.7,94.6,43.5,23.55
2023-08-31,2023,8,Monsoon,Onion,Mymensingh,37.71,378.1,2283,2892,27.7,73.7,51.6,36.33
2023-09-02,2023,9,Monsoon,Wheat,Mymensingh,51.4,350.5,4568,3678,30.2,75.6,56.1,52.94
2023-09-04,2023,9,Monsoon,Rce,Rangpur,59.96,336.2,3954,904,32.0,76.5,65.7,59.04
2023-09-05,2023,9,Monsoon,Wheat,Chittagong,65.01,?,3166,1688,31.7,74.3,114.3,63.64
2023-09-06,2023,9,Monsoon,Potato,Rangpur,21.3,253.8,2099,2819,26.2,76.9,48.5,22.08
2023-09-06,2023,9,Monsoon,Cauliflower,Rangpur,31.13,357.2,2495,1266,26.4,94.9,31.1,29.84
2023-09-06,2023,9,Monsoon,Cauliflower,Khulna,33.49,349.6,1472,3638,30.1,92.0,57.5,34.38
2023-09-07,2023,9,Monsoon,Wheat,Dhaka,57.3,299.7,1827,1421,29.5,76.0,110.2,58.02
2023-09-08,2023,9,Monsoon,Eggplant,Khulna,37.46,394.6,3048,3427,29.2,78.3,138.4,38.98
2023-09-09,2023,9,Monsoon,Wheat,Sylhet,63.96,248.8,2903,3134,27.7,70.7,128.4,63.26
2023-09-10,2023,9,Monsoon,Onion,Barisal,36.66,244.5,4798,3223,-,,65.6,35.09
2023-09-10,2023,9,Monsoon,Tomato,Khulna,45.8,347.6,2271,1018,27.0,77.0,86.9,46.36
2023-09-11,2023,9,Monsoon,Tomato,Dhaka,49.99,269.7,4345,1156,32.0,89.4,39.4,50.3
2023-09-11,2023,9,Monsoon,Tomato,Chittagong,45.16,320.2,3953,3288,31.6,70.7,127.8,46.15
2023-09-11,2023,9,Monsoon,Cabbage,Khulna,22.49,356.5,1422,3671,29.3,74.7,129.0,21.98
2023-09-12,2023,9,Monsoon,Tomato,Rajshahi,45.99,221.6,4572,958,26.6,90.4,71.7,44.4
2023-09-12,2023,9,monsoon,Cauliflower,Mymensingh,32.77,331.8,2946,2909,26.3,94.7,143.8,33.06
2023-09-12,2023,9,Monsoon,Rice,Dhaka,NULL,351.0,3156,1219,30.5,71.1,46.0,78.26
2023-09-12,2023,9,Monsoon,Potato,Dhaka,28.73,231.2,3847,2724,25.4,90.1,130.6,28.0
2023-09-14,2023,9,Monsoon,Rice,Mymensingh,65.86,310.9,1420,3713,31.0,77.1,115.7,63.66
2023-09-14,2023,9,Monsoon,Potato,Rangpur,24.1,260.2,1350,2017,29.4,83.6,59.5,23.94
2023-09-15,2023,9,Monsoon,Wheat,Barisal,56.01,339.3,3776,3959,27.3,85.9,133.2,54.95
2023-09-17,2023,9,Monsoon,Cauliflower,Barisal,31.91,393.1,2133,2626,27.3,87.5,97.0,31.03
2023-09-19,2023,9,Monsoon,Potato,Dhaka,27.68,357.8,3531,1911,29.6,70.2,61.4,28.98
2023-09-19,2023,9,Monsoon,Cauliflower,Mymensingh,32.83,273.6,1236,3466,28.0,76.2,74.3,33.21
2023-09-20,2023,9,Monsoon,Onion,Mymensingh,37.96,259.2,2901,1005,26.2,71.0,47.1,39.54
2023-09-22,2023,9,Monsoon,Eggplant,Chittagong,38.61,346.6,1071,4262,29.1,73.7,71.9,39.56
2023-09-23,2023,9,Monsoon,Potato,Barisal,25.49,316.1,3394,3329,25.5,70.7,111.3,24.68
2023-09-24,2023,9,Monsoon,Tomato,Barisal,41.13,216.3,2724,2868,29.0,85.8,117.0,150.53536477986341
2023-09-24,2023,9,Monsoon,Cauliflower,Sylhet,38.07,266.1,2844,3665,26.9,70.9,25.3,39.01
2023-09-25,2023,9,Monsoon,Potato,Sylhet,26.59,319.3,2415,3784,28.1,94.6,21.8,25.85
2023-09-28,2023,9,Monsoon,Eggplant,Sylhet,42.8,369.2,1378,3398,26.9,70.1,116.8,43.13
2023-09-30,2023,9,Monsoon,Eggplant,Mymensingh,36.8,320.9,2378,2318,27.4,77.9,39.7,36.14
2023-09-30,2023,9,monsoon,Wheat,Mymensingh,50.75,238.6,4153,1931,27.5,89.4,73.7,49.7
2023-10-01,2023,10,Monsoon,Potato,Sylhet,30.4,229.3,1254,3628,26.4,83.5,57.0,29.56
2023-10-01,2023,10,Monsoon,Rice,Sylhet,77.74,237.6,3824,2634,32.0,71.1,86.7,75.4
2023-10-03,2023,10,Monsoon,Wheat,Dhaka,59.36,285.9,3145,1061,31.8,85.7,76.9,60.8
2023-10-03,2023,10,Monsoon,Rice,Rajshahi,62.79,333.5,1351,3536,28.8,94.3,90.5,63.79
2023-10-03,2023,10,Monsoon,Wheat,Khulna,52.12,293.5,1128,1272,29.4,81.9,72.8,52.03
2023-10-05,2023,10,Monsoon,Tomato,Sylhet,46.46,344.3,2292,1289,31.7,87.3,32.8,45.36
2023-10-06,2023,10,Monsoon,Wheat,Rangpur,54.58,225.0,1867,2440,26.5,74.6,113.2,53.94
2023-10-07,2023,10,Monsoon,Potato,Khulna,24.93,219.6,4968,1710,25.7,93.1,30.5,25.24
2023-10-08,2023,10,Monsoon,Wheat,Mymensingh,51.97,303.5,1178,4420,25.3,93.0,82.2,50.85
2023-10-09,2023,10,Monsoon,Tomato,Dhaka,54.84,320.8,4727,3223,29.6,79.2,30.4,53.56
2023-10-09,2023,10,Monsoon,Cabbage,Dhaka,23.49,223.5,3116,2811,28.2,91.3,10.8,24.28
2023-10-10,2023,10,Monsoon,Onion,Rangpur,35.54,220.3,4006,4175,26.9,75.1,118.9,34.24
2023-10-10,2023,10,Monsoon,Tomato,Khulna,40.81,304.0,2406,4216,28.0,81.4,145.4,40.36
2023-10-10,2023,10,Monsoon,Tomato,Mymensingh,38.69,326.1,1601,4368,25.3,72.9,10.6,38.24
2023-10-10,2023,10,Monsoon,Onion,Rangpur,32.08,349.4,4431,813,28.9,72.9,72.6,32.7
2023-10-10,2023,10,Monsoon,Cauliflower,Dhaka,42.37,304.1,3147,1220,29.2,75.8,68.5,41.25
2023-10-11,2023,10,Monsoon,Cauliflower,Mymensingh,32.29,254.5,1645,1920,31.7,84.0,19.8,33.59
2023-10-11,2023,10,Monsoon,Eggplant,Khulna,N/A,356.7,1886,1174,29.3,73.6,73.9,34.58
2023-10-12,2023,10,Monsoon,Onion,Dhaka,42.88,369.9,3773,3550,31.8,79.9,76.1,41.0
2023-10-12,2023,10,Monsoon,Wheat,Khulna,55.22,383.5,4711,4499,27.1,75.2,40.4,57.33
2023-10-13,2023,10,Monsoon,Tomato,Khulna,49.38,396.5,4158,1983,29.8,82.2,74.6,48.39
2023-10-13,2023,10,Monsoon,Potato,Rajshahi,25.83,missing,1725,N/A,30.2,74.2,102.4,26.84
2023-10-14,2023,10,Monsoon,Cabbage,Khulna,23.14,391.5,2303,4420,27.4,76.5,114.1,22.73
2023-10-14,2023,10,Monsoon,Potato,Sylhet,32.65,307.5,4555,3987,29.1,88.1,104.8,31.28
2023-10-15,2023,10,Monsoon,Eggplant,Chittagong,44.37,245.6,2230,3846,30.8,76.7,65.4,44.62
2023-10-16,2023,10,Monsoon,Rice,Khulna,64.55,318.0,3560,2103,27.8,80.9,35.6,63.21
2023-10-17,2023,10,Monsoon,Onion,Rangpur,34.36,358.5,1117,1988,26.6,81.3,41.0,32.8
2023-10-17,2023,10,Monsoon,Tomato,Sylhet,49.36,287.2,1675,2092,28.4,93.8,85.6,48.22
2023-10-17,2023,10,Monsoon,Cabbage,Rangpur,21.11,269.4,3743,3832,25.2,92.1,30.8,20.16
2023-10-17,2023,10,Monsoon,Cabbage,Mymensingh,21.83,247.5,3009,3309,31.9,85.9,74.5,22.39
2023-10-18,2023,10,Monsoon,Tomato,Khulna,40.99,323.9,1232,3233,30.8,93.8,97.5,40.36
2023-10-18,2023,10,Monsoon,Wheat,Chittagong,64.75,220.8,3660,867,27.9,82.4,114.0,64.01
2023-10-18,2023,10,Monsoon,Eggplant,Chittagong,41.92,202.2,2240,939,31.3,85.5,11.2,41.32
2023-10-18,2023,10,Monsoon,Tomato,Sylhet,51.91,249.8,2127,3576,27.2,81.0,146.7,51.59
2023-10-20,2023,10,Monsoon,Onion,Khulna,42.02,286.8,3164,4112,25.6,70.6,N/A,40.84
2023-10-21,2023,10,monsoon,Onion,Barisal,34.69,238.0,?,3576,30.4,87.0,24.8,33.83
2023-10-21,2023,10,Monsoon,Wheat,Chittagong,62.08,301.4,2895,3177,30.5,92.4,70.2,61.74
2023-10-21,2023,10,Monsoon,Cabbage,Rangpur,21.18,383.4,1528,2605,30.9,93.8,59.2,21.47
2023-10-22,2023,10,Monsoon,Eggplant,Mymensingh,31.07,394.6,3493,NA,26.1,83.8,85.1,31.9
2023-10-22,2023,10,Monsoon,Wheat,Rangpur,54.92,278.9,2413,3966,27.0,77.2,108.6,53.3
2023-10-22,2023,10,Monsoon,Wheat,Rangpur,53.3,364.2,1311,3071,28.3,78.8,134.7,51.1
2023-10-22,2023,10,Monsoon,Cabbage,Mymensingh,19.92,332.5,1474,1521,27.2,72.8,106.1,19.99
2023-10-25,2023,10,Monsoon,Onion,Rajshahi,40.11,355.1,1409,2047,27.3,82.3,55.9,38.93
2023-10-26,2023,10,Monsoon,Tomato,Rangpur,43.02,396.0,1998,2670,27.7,93.0,78.7,42.8
2023-10-26,2023,10,Monsoon,Rice,Rajshahi,65.67,213.6,4219,3664,27.2,91.3,136.2,64.31
2023-10-27,2023,10,Monsoon,Onion,Sylhet,39.98,308.3,1427,1021,27.9,93.8,null,40.6
2023-10-30,2023,10,Monsoon,Cauliflower,Rangpur,30.89,226.4,3209,4389,28.7,92.8,125.4,29.5
2023-10-30,2023,10,Monsoon,Cauliflower,Chittagong,39.69,215.1,4089,1724,30.1,94.5,145.3,38.31
2023-10-30,2023,10,Monsoon,Onion,Chittagong,39.87,230.8,NA,NULL,30.2,77.9,20.4,39.34
2023-11-01,2023,11,Winter,Eggplant,Chittagong,40.19,21.1,2702,2783,18.4,45.0,129.9,40.33
2023-11-01,2023,11,Winter,Cauliflower,Mymensingh,24.53,41.5,4308,1885,24.2,-,NA,75.45336735146287
2023-11-02,2023,11,Winter,Onion,Rajshahi,39.49,21.3,,3989,24.2,61.0,null,37.89
2023-11-02,2023,11,Winter,Tomato,Mymensingh,38.64,51.7,2383,2576,25.0,52.0,135.7,37.2
2023-11-03,2023,11,Winter,Potato,Rangpur,22.5,62.7,1545,3427,16.4,58.6,6.2,21.44
2023-11-03,2023,11,Winter,Rice,Rangpur,53.22,51.8,4263,829,16.9,70.9,68.4,52.96
2023-11-04,2023,11,Winter,Rice,Khulna,58.01,73.1,null,1241,22.7,73.4,63.1,58.47
2023-11-06,2023,11,Winter,Onion,Sylhet,40.12,36.2,1153,3985,15.9,57.7,120.9,41.35
2023-11-06,2023,11,Winter,Tomato,Mymensingh,34.24,42.4,1109,4040,17.6,73.5,126.0,36.03
2023-11-06,2023,11,Winter,Cabbage,Rangpur,14.95,76.5,2052,3755,NULL,69.3,67.8,14.72
2023-11-07,2023,11,Winter,Potato,Mymensingh,21.28,31.9,2593,2796,20.7,57.2,85.3,20.73
2023-11-07,2023,11,Winter,Tomato,Mymensingh,32.0,20.0,4210,20712,24.4,50.7,46.1,32.25
2023-11-09,2023,11,Winter,Tomato,Rangpur,36.15,69.6,2880,1832,18.0,58.2,95.4,37.2
2023-11-09,2023,11,Winter,Wheat,Barisal,-,47.7,1153,2687,missing,58.0,66.1,37.03
2023-11-10,2023,11,Winter,Wheat,Chittagong,47.21,31.9,3036,3419,18.8,49.3,107.6,48.74
2023-11-11,2023,11,Winter,Potato,Rangpur,21.69,74.6,4636,3681,21.9,62.4,141.4,21.12
2023-11-13,2023,11,Winter,Eggplant,Sylhet,37.26,18.2,1538,1630,22.7,40.4,77.2,39.21
2023-11-14,2023,11,Winter,Cauliflower,Khulna,23.76,21.8,3090,3393,20.1,71.7,55.7,24.71
2023-11-16,2023,11,Winter,Cauliflower,Rangpur,22.38,11.6,2122,2679,17.6,63.0,73.4,23.07
2023-11-17,2023,11,Winter,Eggplant,Sylhet,37.51,50.4,2356,3660,16.3,51.3,96.7,38.69
2023-11-18,2023,11,Winter,Onion,Sylhet,42.6,57.0,2228,2672,22.5,42.5,71.5,43.4
2023-11-18,2023,11,Winter,Wheat,Barisal,37.78,18.3,2121,2793,23.9,50.1,138.1,38.01
2023-11-19,2023,11,Winter,Tomato,Barisal,33.66,64.1,4542,,?,70.4,72.0,32.6
2023-11-19,2023,11,Winter,Cauliflower,Barisal,22.72,54.3,4383,3773,17.4,59.1,59.4,23.13
2023-11-20,2023,11,Winter,Cabbage,Rajshahi,15.89,27.2,1907,3717,19.4,69.4,24.5,15.52
2023-11-20,2023,11,Winter,Wheat,Sylhet,50.28,missing,2938,1278,24.4,?,106.1,50.31
2023-11-20,2023,11,Winter,Cabbage,Rangpur,14.22,52.3,1317,1906,16.1,59.2,14.6,14.77
2023-11-21,2023,11,Winter,Potato,Rangpur,NULL,49.8,2496,3037,22.6,73.4,116.7,21.87
2023-11-21,2023,11,Winter,Wheat,Rangpur,38.35,60.6,2845,N/A,21.3,62.4,88.9,37.03
2023-11-23,2023,11,winter,Eggplant,Barisal,35.12,43.6,3046,2029,18.1,75.0,32.6,34.22
2023-11-25,2023,11,Winter,Eggplant,Rajshahi,32.41,51.2,4869,3966,18.0,51.9,86.8,33.77
2023-11-26,2023,11,Winter,Tomato,Rangpur,33.88,55.4,2263,1871,23.8,56.3,121.4,34.36
2023-11-27,2023,11,Winter,Cabbage,Rajshahi,16.54,missing,3690,null,22.8,44.3,51.2,16.75
2023-11-28,2023,11,Winter,Rice,Dhaka,57.33,59.3,1580,3971,20.3,52.8,15.5,59.65
2023-11-28,2023,11,Winter,Tomato,Rajshahi,38.15,29.4,1255,2367,25.0,49.0,122.9,38.58
2023-11-28,2023,11,Winter,Rice,Dhaka,69.89,60.0,3034,1061,16.4,43.6,28.7,67.03
2023-11-30,2023,11,Winter,Wheat,Mymensingh,36.17,76.9,1285,3250,23.1,67.0,59.9,37.64
2023-11-30,2023,11,Winter,Eggplant,Khulna,34.76,38.0,3509,4052,19.3,72.6,140.0,36.28
2023-12-01,2023,12,Winter,Cabbage,Chittagong,18.72,40.6,4905,4267,17.4,72.4,21.8,19.22
2023-12-01,2023,12,Winter,Cauliflower,Mymensingh,23.4,15.2,1830,1357,20.8,45.4,28.8,22.76
2023-12-02,2023,12,Winter,Wheat,Mymensingh,35.59,24.0,3309,4013,21.2,56.2,90.8,36.3
2023-12-03,2023,12,Winter,Wheat,Barisal,39.51,52.3,1870,3676,16.1,55.9,84.0,38.58
2023-12-04,2023,12,Winter,Rice,Khulna,56.93,66.4,3309,3298,22.7,41.2,147.3,55.8
2023-12-05,2023,12,Winter,Cabbage,Mymensingh,16.22,38.4,1755,1563,19.3,41.0,94.0,16.0
2023-12-07,2023,12,Winter,Potato,Dhaka,26.21,33.7,3632,1517,21.8,74.3,74.4,25.37
2023-12-07,2023,12,Winter,Tomato,Dhaka,42.77,23.3,4037,1280,22.5,72.0,105.9,41.74
2023-12-07,2023,12,Winter,Rice,Sylhet,59.73,28.9,4875,3308,22.9,67.6,16.7,59.48
2023-12-09,2023,12,Winter,Tomato,Barisal,33.92,49.0,4317,1855,19.1,52.3,103.5,34.46
2023-12-09,2023,12,winter,Rice,Rajshahi,59.68,71.7,1699,NA,15.1,52.3,73.7,58.17
2023-12-10,2023,12,Winter,Wheat,Rangpur,35.5,38.7,4745,1919,20.6,64.9,-,35.81
2023-12-10,2023,12,Winter,Rice,Mymensingh,51.23,54.8,1952,2862,24.9,48.1,94.4,50.79
2023-12-10,2023,12,Winter,Tomato,Mymensingh,37.54,45.9,4182,1103,18.1,72.4,67.8,36.78
2023-12-11,2023,12,Winter,Tomato,Barisal,33.84,21.0,4885,2589,24.6,62.7,30.3,32.88
2023-12-11,2023,12,Winter,Cabbage,Mymensingh,14.84,39.9,1211,2046,18.6,73.0,108.2,15.44
2023-12-12,2023,12,Winter,Cabbage,Rangpur,17.05,15.0,1663,2207,18.2,50.2,43.8,17.53
2023-12-12,2023,12,Winter,Onion,Mymensingh,36.0,31.7,4183,3683,?,54.4,6.5,34.77
2023-12-13,2023,12,Winter,Onion,Chittagong,41.3,43.8,2084,1672,21.3,53.8,138.8,43.46
2023-12-14,2023,12,Winter,Eggplant,Chittagong,41.27,11.4,30035,1049,15.6,53.1,29.4,39.37
2023-12-15,2023,12,Winter,Tomato,Sylhet,41.04,46.2,1782,1150,19.1,59.4,39.8,42.13
2023-12-15,2023,12,Winter,Wheat,Sylhet,51.37,66.9,3354,1824,24.7,59.7,116.6,50.39
2023-12-15,2023,12,Winter,Rice,Barisal,-,26.6,1298,3977,19.4,43.3,69.7,51.71
2023-12-16,2023,12,Winter,Onion,Mymensingh,40.37,33.0,4743,?,24.2,61.3,5.6,41.9
2023-12-16,2023,12,Winter,Eggplant,Rajshahi,31.25,35.2,4505,2564,22.1,63.9,39.7,32.76
2023-12-16,2023,12,Winter,Wheat,Rajshahi,42.47,NA,4969,2687,18.3,63.3,93.8,41.92
2023-12-17,2023,12,Winter,Potato,Sylhet,23.07,67.0,1910,NA,16.4,47.9,23.2,22.28
2023-12-18,2023,12,Winter,Onion,Mymensingh,42.94,57.0,3077,2029,23.4,NULL,31.3,41.51
2023-12-18,2023,12,Winter,Tomato,Mymensingh,39.55,19.7,3467,3667,20.1,69.5,84.4,38.08
2023-12-19,2023,12,Winter,Onion,Rangpur,39.14,12.3,3974,1414,25.0,42.7,16.2,39.61
2023-12-20,2023,12,Winter,Onion,Dhaka,?,77.5,3762,-,24.0,46.1,58.2,48.51
2023-12-20,2023,12,Winter,Onion,Dhaka,50.21,77.8,2030,1952,15.6,42.2,54.9,48.96
2023-12-21,2023,12,Winter,Cabbage,Chittagong,20.07,31.9,3508,992,22.0,55.9,128.1,20.29
2023-12-22,2023,12,Winter,Cabbage,Rajshahi,17.24,36.0,2423,3942,23.1,66.3,76.7,17.61
2023-12-23,2023,12,Winter,Potato,Dhaka,27.72,69.9,4156,3544,19.2,61.6,132.1,28.15
2023-12-26,2023,12,Winter,Cabbage,Chittagong,19.35,55.1,1637,4217,22.5,65.1,134.5,18.98
2023-12-26,2023,12,Winter,Eggplant,Dhaka,39.97,77.4,4109,1155,20.4,42.9,110.0,40.07
2023-12-27,2023,12,Winter,Eggplant,Rangpur,34.52,72.6,3186,1971,19.2,40.4,20.4,33.26
2023-12-27,2023,12,Winter,Cabbage,Rangpur,-,11.6,4986,1962,19.9,48.2,138.6,18.06
2023-12-28,2023,12,winter,Rice,Dhaka,62.78,51.8,missing,3479,17.9,-,20.6,61.72
2023-12-29,2023,12,Winter,Cabbage,Rajshahi,19.42,26.6,1665,4076,23.8,40.9,111.8,18.83
2023-12-29,2023,12,Winter,Potato,Mymensingh,21.72,11.4,3884,1628,22.2,50.3,59.2,22.37
2023-12-31,2023,12,Winter,Cauliflower,Chittagong,26.41,70.9,2645,3770,24.3,40.9,22.8,25.55
2024-01-01,2024,1,Winter,Onion,Rajshahi,37.12,61.4,2206,1321,15.0,64.6,88.1,38.36
2024-01-01,2024,1,Winter,Potato,Khulna,20.64,53.4,4686,1592,19.5,61.6,49.3,21.02
2024-01-01,2024,1,Winter,Cauliflower,Chittagong,28.01,62.6,3017,2440,20.2,62.5,62.4,27.88
2024-01-02,2024,1,Winter,Tomato,Rajshahi,33.73,31.6,2404,missing,15.1,60.5,103.4,34.18
2024-01-03,2024,1,Winter,Tomato,Mymensingh,37.62,22.3,3484,1135,23.6,44.9,83.1,36.38
2024-01-03,2024,1,Winter,Cauliflower,Sylhet,26.2,54.3,4927,3450,20.3,73.6,16.7,27.32
2024-01-03,2024,1,Winter,Wheat,Barisal,40.08,44.3,4626,2389,20.6,54.8,114.7,40.17
2024-01-04,2024,1,Winter,Onion,Dhaka,NULL,16.1,2130,3993,21.7,54.2,34.0,52.15
2024-01-04,2024,1,Winter,Cabbage,Rajshahi,15.83,71.1,1514,1350,21.5,45.0,133.3,16.64
2024-01-05,2024,1,Winter,Cabbage,Barisal,15.33,30.4,3617,1114,22.7,46.4,18.7,15.31
2024-01-05,2024,1,Winter,Tomato,Dhaka,40.64,44.6,2576,1961,22.4,64.0,127.0,40.82
2024-01-06,2024,1,Winter,Onion,Chittagong,42.9,26.0,2185,1126,23.7,53.3,70.7,41.43
2024-01-06,2024,1,Winter,Wheat,Mymensingh,41.71,76.2,1177,3778,23.7,58.3,71.4,40.56
2024-01-06,2024,1,Winter,Wheat,Khulna,43.58,33.1,1464,2772,19.8,60.7,98.9,42.83
2024-01-06,2024,1,Winter,Tomato,Sylhet,42.54,66.7,3490,850,20.7,51.2,43.4,44.2
2024-01-07,2024,1,Winter,Tomato,Chittagong,43.0,41.5,N/A,1945,21.2,61.4,missing,41.65
2024-01-07,2024,1,Winter,Eggplant,Rangpur,29.26,69.8,1512,3780,17.5,66.0,113.7,30.06
2024-01-07,2024,1,Winter,Eggplant,Barisal,33.41,11.5,4960,3281,22.4,68.0,12.9,35.04
2024-01-08,2024,1,Winter,Eggplant,Chittagong,35.68,56.1,1008,2198,21.3,68.0,84.4,36.2
2024-01-10,2024,1,Winter,Cabbage,Sylhet,18.89,10.7,3143,4139,16.4,50.0,82.6,18.41
2024-01-12,2024,1,Winter,Cauliflower,Khulna,24.02,74.3,1975,1750,15.1,54.5,114.1,25.04
2024-01-13,2024,1,Winter,Eggplant,Mymensingh,32.92,10.2,4170,4269,22.3,56.0,101.3,32.17
2024-01-13,2024,1,Winter,Wheat,Rangpur,38.77,29.5,3282,3675,15.7,49.2,142.6,39.07
2024-01-14,2024,1,Winter,Onion,Dhaka,48.77,46.3,4241,2279,24.2,70.9,10.8,49.32
2024-01-15,2024,1,Winter,Wheat,Khulna,37.91,36.4,3477,3269,15.7,68.2,90.2,39.74
2024-01-15,2024,1,Winter,Onion,Rangpur,38.77,22.8,2449,4070,17.9,73.3,80.5,38.89
2024-01-15,2024,1,Winter,Potato,Sylhet,23.79,34.8,4052,2091,19.3,53.8,65.5,23.91
2024-01-16,2024,1,Winter,Tomato,Dhaka,41.98,29.9,4916,1481,16.6,58.7,31.4,41.49
2024-01-17,2024,1,Winter,Wheat,Sylhet,48.24,11.6,4155,943,18.0,49.2,139.9,46.39
2024-01-18,2024,1,Winter,Potato,Sylhet,22.92,69.2,1515,2450,19.6,66.7,80.1,22.54
2024-01-18,2024,1,Winter,Tomato,Barisal,32.25,11.8,1116,4440,22.3,45.1,64.1,32.35
2024-01-19,2024,1,Winter,Tomato,Sylhet,44.1,43.7,2377,1932,23.6,49.1,108.1,43.49
2024-01-19,2024,1,Winter,Tomato,Khulna,37.82,42.9,3223,3471,24.0,73.5,131.2,38.0
2024-01-20,2024,1,Winter,Cauliflower,Mymensingh,25.98,22.6,1041,1531,21.3,69.9,22.0,25.57
2024-01-21,2024,1,Winter,Cauliflower,Rajshahi,24.84,47.3,3237,2251,23.7,63.8,121.5,24.41
2024-01-22,2024,1,Winter,Cabbage,Chittagong,21.24,56.3,3208,1344,18.5,46.2,82.9,20.92
2024-01-22,2024,1,Winter,Wheat,Mymensingh,44.67,43.5,2641,2988,24.2,64.2,83.8,44.64
2024-01-22,2024,1,Winter,Potato,Barisal,19.65,15.9,4078,1144,20.2,48.1,11.0,20.06
2024-01-22,2024,1,Winter,Cabbage,Rajshahi,-,71.4,4530,1147,20.0,64.6,111.2,18.54
2024-01-23,2024,1,Winter,Onion,Sylhet,42.34,53.8,3116,3931,21.1,64.3,44.4,41.11
2024-01-23,2024,1,Winter,Tomato,Dhaka,43.27,75.4,3569,894,20.8,43.6,71.6,42.68
2024-01-24,2024,1,Winter,Onion,Mymensingh,40.08,76.0,2382,1854,19.9,65.3,112.2,39.05
2024-01-25,2024,1,Winter,Wheat,Barisal,44.02,52.3,4305,977,20.4,74.1,59.9,43.03
2024-01-26,2024,1,Winter,Cabbage,Khulna,16.64,-,,1256,22.4,72.8,113.0,17.35
2024-01-26,2024,1,Winter,Eggplant,Khulna,34.77,11.1,4275,3595,15.9,48.7,83.7,33.27
2024-01-27,2024,1,Winter,Onion,Rangpur,36.94,20.7,4975,2079,18.3,59.0,N/A,35.49
2024-01-28,2024,1,Winter,Potato,Rajshahi,24.67,70.0,3264,4089,22.4,54.7,51.7,23.69
2024-01-29,2024,1,Winter,Potato,Rangpur,21.02,13.1,1699,2172,21.6,45.3,131.0,20.88
2024-01-29,2024,1,Winter,Tomato,Barisal,37.66,58.0,3190,4351,19.4,40.3,144.3,38.68
2024-01-29,2024,1,Winter,Tomato,Khulna,35.53,24.8,2240,1407,17.6,65.2,113.1,35.23
2024-01-30,2024,1,Winter,Eggplant,Rangpur,33.96,65.8,1463,1342,15.6,73.0,28.1,33.31
2024-01-30,2024,1,Winter,Tomato,Khulna,41.72,NA,4589,?,22.2,41.1,77.2,40.56
2024-01-31,2024,1,winter,Potato,Mymensingh,22.96,18.8,4954,3217,16.0,69.6,19.5,23.35
2024-01-31,2024,1,Winter,Cabbage,Rangpur,18.27,16.9,2070,2037,16.7,55.3,132.0,18.09
2024-02-02,2024,2,Winter,Tomato,Rajshahi,34.52,51.8,1120,4469,17.8,68.3,73.4,33.48
2024-02-02,2024,2,Winter,Cauliflower,Mymensingh,26.43,52.1,1676,2813,21.0,67.8,101.7,26.48
2024-02-03,2024,2,Winter,Rice,Rangpur,50.08,76.0,2223,3886,23.9,69.3,83.0,50.64
2024-02-03,2024,2,Winter,Potato,Chittagong,27.17,65.5,1516,1437,15.1,64.0,12.5,27.6
2024-02-03,2024,2,Winter,Eggplant,Dhaka,38.67,32.4,4369,2620,23.5,57.5,82.2,40.07
2024-02-05,2024,2,Winter,Cabbage,Khulna,20.0,14.5,2582,1571,18.3,73.7,97.7,20.05
2024-02-06,2024,2,Winter,Onion,Sylhet,41.14,45.1,1370,2425,15.1,48.4,144.8,41.71
2024-02-09,2024,2,Winter,Onion,Khulna,40.28,28.6,2761,2124,20.8,43.9,65.0,39.55
2024-02-09,2024,2,Winter,Tomato,Chittagong,37.75,11.0,1458,4142,24.7,70.1,35.3,39.67
2024-02-09,2024,2,Winter,Cauliflower,Rangpur,23.13,54.9,3409,1091,15.4,72.3,60.8,23.34
2024-02-11,2024,2,Winter,Eggplant,Rajshahi,38.61,77.3,4793,1985,15.1,59.9,20.6,37.21
2024-02-12,2024,2,Winter,Tomato,Rangpur,34.7,38.2,3623,2997,16.5,42.9,16.5,34.57
2024-02-12,2024,2,Winter,Rice,Barisal,50.73,74.9,3577,3460,22.9,43.6,127.8,51.04
2024-02-13,2024,2,Winter,Potato,Barisal,20.45,17.4,1990,2710,19.5,44.9,12.3,21.25
2024-02-13,2024,2,Winter,Onion,Khulna,46.05,51.3,1510,1180,20.1,60.2,79.9,43.99
2024-02-13,2024,2,Winter,Potato,Khulna,22.84,59.9,3328,1597,22.3,67.4,57.7,21.86
2024-02-15,2024,2,Winter,Rice,Sylhet,67.96,75.0,2746,872,15.9,41.8,64.1,67.18
2024-02-16,2024,2,Winter,Cabbage,Chittagong,19.39,73.7,1301,4483,21.1,42.3,44.9,20.24
2024-02-16,2024,2,Winter,Onion,Sylhet,42.04,72.8,4679,2178,21.2,74.8,11.6,41.66
2024-02-17,2024,2,Winter,Eggplant,Khulna,33.67,44.5,2686,2075,23.3,41.3,104.9,32.88
2024-02-18,2024,2,Winter,Rice,Khulna,51.0,78.9,1865,3806,20.0,44.3,108.1,53.56
2024-02-19,2024,2,Winter,Rice,Barisal,49.66,76.3,2884,4207,18.6,55.3,20.4,48.74
2024-02-19,2024,2,Winter,Eggplant,Sylhet,36.18,41.8,1500,1826,17.3,73.0,9.3,36.22
2024-02-20,2024,2,Winter,Cauliflower,Barisal,23.9,43.7,3474,827,16.4,45.8,16.2,23.9
2024-02-20,2024,2,Winter,Rice,Rangpur,51.55,47.5,4326,2971,20.2,60.5,108.5,51.61
2024-02-21,2024,2,winter,Eggplant,Barisal,34.67,46.1,1651,1068,20.1,44.7,128.4,35.34
2024-02-21,2024,2,Winter,Potato,Barisal,23.34,null,1216,3716,20.9,null,15.3,22.76
2024-02-22,2024,2,Winter,Tomato,Dhaka,48.32,25.2,2821,1767,16.0,64.0,83.9,46.66
2024-02-22,2024,2,Winter,Wheat,Barisal,38.45,61.1,4731,3783,20.0,69.1,87.7,37.91
2024-02-23,2024,2,Winter,Eggplant,Rangpur,30.14,43.4,1551,3804,missing,72.1,140.8,31.13
2024-02-23,2024,2,Winter,Rice,Barisal,54.33,21.7,3562,2732,24.5,40.8,92.2,53.35
2024-02-24,2024,2,Winter,Eggplant,Rajshahi,31.22,45.4,2893,909,21.9,66.2,60.3,32.61
2024-02-25,2024,2,Winter,Onion,dhaka,48.22,NA,2753,4404,NA,62.8,103.0,47.65
2024-02-26,2024,2,Winter,Cauliflower,Barisal,24.04,56.6,3171,4248,19.6,59.9,135.3,23.92
2024-02-27,2024,2,Winter,Onion,Rangpur,38.98,52.8,2931,4375,22.3,64.7,80.2,37.67
2024-02-27,2024,2,Winter,Onion,Rangpur,38.79,15.1,3396,2784,19.4,47.6,93.4,40.6
2024-02-27,2024,2,Winter,Tomato,Sylhet,43.08,28.0,3462,1767,16.1,46.7,40.6,43.49
2024-02-28,2024,2,Winter,Cauliflower,Mymensingh,23.32,61.1,2280,2548,17.5,73.4,104.6,23.77
2024-02-28,2024,2,Winter,Eggplant,Rangpur,32.47,36.3,4394,2763,20.8,66.5,37.7,31.56
2024-02-28,2024,2,Winter,Eggplant,Rajshahi,33.7,48.8,2039,2056,22.7,53.9,25.0,33.44
2024-02-28,2024,2,Winter,Cauliflower,Rajshahi,26.07,55.8,2007,2369,20.0,58.7,82.2,26.28
2024-02-29,2024,2,Winter,Cauliflower,Sylhet,30.24,29.8,2222,4230,25.0,57.1,26.5,29.98
2024-03-01,2024,3,summer,Potato,Barisal,28.94,93.9,4791,3183,29.0,69.7,93.8,147.16946776812753
2024-03-01,2024,3,Summer,Rice,Khulna,64.8,97.4,2174,2868,30.7,65.0,65.2,67.0
2024-03-03,2024,3,Summer,Potato,Mymensingh,33.69,114.5,1116,1288,32.9,74.0,91.8,32.82
2024-03-04,2024,3,Summer,Eggplant,Khulna,42.58,57.9,4697,4297,33.0,71.5,121.1,41.69
2024-03-05,2024,3,Summer,Eggplant,Dhaka,50.32,64.2,2146,1181,30.3,69.6,64.9,52.73
2024-03-05,2024,3,Summer,Onion,Khulna,38.95,130.2,4255,879,35.8,52.6,84.0,37.13
2024-03-05,2024,3,Summer,Potato,Chittagong,34.86,140.2,3456,959,33.3,66.3,18.5,33.59
2024-03-07,2024,3,Summer,Onion,Chittagong,37.19,50.3,4484,870,32.7,44.7,21.0,37.71
2024-03-08,2024,3,summer,Potato,Sylhet,36.09,137.4,1308,2615,36.6,43.4,99.6,35.01
2024-03-10,2024,3,Summer,Cabbage,Barisal,22.5,84.6,2071,3062,30.8,42.9,70.2,23.21
2024-03-11,2024,3,Summer,Cabbage,Chittagong,26.73,92.5,1532,2750,28.8,63.7,63.4,27.51
2024-03-11,2024,3,Summer,Cabbage,Sylhet,29.59,52.3,4216,931,29.5,73.3,52.9,28.39
2024-03-11,2024,3,Summer,Cabbage,Sylhet,31.33,76.8,3982,1696,36.2,50.8,64.4,31.84
2024-03-12,2024,3,Summer,Wheat,Dhaka,57.37,147.3,3770,1718,35.1,72.6,81.5,56.54
2024-03-12,2024,3,Summer,Tomato,Barisal,42.98,125.7,4905,1386,37.5,70.9,111.0,45.04
2024-03-13,2024,3,Summer,Eggplant,Dhaka,54.32,144.2,3749,2361,31.2,54.6,26.6,52.81
2024-03-13,2024,3,Summer,Rice,Chittagong,68.48,145.2,4819,3576,37.9,58.7,66.5,69.97
2024-03-14,2024,3,Summer,Onion,Chittagong,42.44,130.2,4846,3581,28.1,63.6,102.5,43.01
2024-03-14,2024,3,Summer,Cauliflower,Sylhet,42.73,84.9,2716,2772,34.9,45.6,106.0,42.83
2024-03-15,2024,3,Summer,Tomato,Dhaka,57.22,124.0,42589,3924,30.1,63.1,27.8,58.94
2024-03-15,2024,3,Summer,Rice,Sylhet,64.19,77.3,4122,2065,31.5,46.3,25.8,61.59
2024-03-16,2024,3,Summer,Wheat,Dhaka,52.2,72.2,4059,2924,34.9,47.7,59.2,51.9
2024-03-17,2024,3,Summer,Rice,Khulna,55.48,129.3,3103,3229,29.2,48.9,14.6,58.04
2024-03-17,2024,3,Summer,Potato,Rajshahi,29.34,120.4,1811,2792,37.5,55.8,123.1,30.3
2024-03-17,2024,3,Summer,Onion,Rajshahi,33.54,93.1,2366,1017,31.7,41.7,60.5,33.74
2024-03-18,2024,3,Summer,Wheat,Barisal,48.28,105.6,3402,3100,34.7,54.4,131.7,47.98
2024-03-18,2024,3,Summer,Cabbage,Barisal,25.77,81.7,2566,901,30.3,62.6,NULL,26.62
2024-03-18,2024,3,Summer,Eggplant,Sylhet,42.31,63.7,2140,3796,37.7,68.1,112.9,41.61
2024-03-19,2024,3,Summer,Rice,Chittagong,72.58,80.4,1663,2121,30.3,73.2,80.2,69.56
2024-03-20,2024,3,Summer,Rice,Khulna,62.45,64.8,1616,3857,31.0,55.2,51.2,61.31
2024-03-20,2024,3,Summer,Wheat,Chittagong,48.62,142.4,4255,1576,31.8,53.1,91.9,50.17
2024-03-21,2024,3,Summer,Cauliflower,Chittagong,49.25,111.1,3090,2455,36.5,42.2,135.7,47.6
2024-03-22,2024,3,Summer,Rice,Khulna,62.09,57.0,3720,2152,34.6,44.4,135.5,61.33
2024-03-22,2024,3,Summer,Cabbage,Dhaka,NA,77.3,1119,1858,30.8,59.3,,29.51
2024-03-23,2024,3,Summer,Wheat,Khulna,missing,138.5,4811,909,32.0,53.1,61.0,52.25
2024-03-24,2024,3,Summer,Rice,Rajshahi,54.09,127.9,2500,2283,33.7,61.2,103.5,54.73
2024-03-25,2024,3,Summer,Eggplant,Barisal,42.68,138.8,2751,2458,34.1,68.9,109.4,41.53
2024-03-26,2024,3,Summer,Wheat,Rajshahi,49.9,148.1,2737,1677,32.1,66.6,50.6,49.83
2024-03-26,2024,3,Summer,Eggplant,Dhaka,-,131.3,,3849,34.7,40.9,87.2,52.63
2024-03-27,2024,3,Summer,Rice,Chittagong,67.28,81.4,3885,4356,35.7,60.2,86.9,66.1
2024-03-27,2024,3,Summer,Potato,Rajshahi,34.54,94.5,3548,958,36.9,67.8,22.4,33.1
2024-03-28,2024,3,Summer,Cauliflower,Sylhet,48.94,92.4,2024,2671,30.0,53.5,75.1,47.31
2024-03-28,2024,3,Summer,Cauliflower,Barisal,38.81,92.8,2722,2480,NULL,40.9,116.2,38.96
2024-03-28,2024,3,Summer,Rice,Khulna,63.27,122.5,1179,3129,29.5,70.1,41.4,66.5
2024-03-30,2024,3,Summer,Eggplant,Rajshahi,35.89,53.1,4117,1703,30.7,58.8,29.4,36.65
2024-03-30,2024,3,Summer,Cabbage,Mymensingh,24.15,130.6,?,4477,37.0,44.9,90.1,24.34
2024-04-01,2024,4,Summer,Rice,Mymensingh,55.51,114.0,4821,954,30.7,64.5,136.2,54.61
2024-04-04,2024,4,Summer,Cabbage,Chittagong,27.51,85.4,1381,3245,31.2,53.5,47.3,27.24
2024-04-04,2024,4,Summer,Potato,Rajshahi,33.87,130.8,1516,974,37.9,55.2,149.6,34.13
2024-04-04,2024,4,Summer,Potato,Sylhet,33.65,52.5,4813,2845,37.5,72.5,27.6,32.77
2024-04-04,2024,4,Summer,Potato,Chittagong,36.32,136.9,1931,1780,34.8,40.8,98.2,38.01
2024-04-07,2024,4,summer,Potato,Barisal,-,114.8,2391,2659,,68.7,67.7,27.64
2024-04-08,2024,4,Summer,Eggplant,Rangpur,32.5,53.5,2165,3240,29.4,71.2,6.0,34.15
2024-04-09,2024,4,Summer,Rice,Rangpur,58.78,138.3,3538,4309,34.2,51.2,14.2,59.59
2024-04-09,2024,4,Summer,Potato,Dhaka,38.76,101.6,1764,3162,34.6,68.8,141.0,38.76
2024-04-09,2024,4,Summer,Eggplant,Chittagong,45.2,70.3,4875,4330,30.7,66.1,60.4,43.83
2024-04-10,2024,4,Summer,Rice,Mymensingh,54.04,50.4,1913,3639,34.2,48.4,111.5,55.54
2024-04-13,2024,4,Summer,RICE,Sylhet,63.1,129.1,4628,971,31.1,53.9,123.2,64.29
2024-04-13,2024,4,Summer,Potato,Barisal,31.91,68.0,1331,2797,37.9,51.0,13.4,32.45
2024-04-13,2024,4,Summer,Rice,Dhaka,68.38,102.9,2366,2806,29.6,52.1,56.0,69.12
2024-04-13,2024,4,Summer,Potato,Rajshahi,29.98,98.2,4675,1393,36.0,46.8,99.4,30.88
2024-04-14,2024,4,Summer,Rice,Barisal,56.85,83.4,3121,3972,36.7,69.5,75.2,55.93
2024-04-14,2024,4,Summer,Tomato,Dhaka,63.61,85.8,missing,4326,31.5,64.7,61.6,63.59
2024-04-15,2024,4,Summer,Potato,Rangpur,28.01,102.2,3664,1906,37.2,67.1,72.4,27.69
2024-04-15,2024,4,Summer,Eggplant,Mymensingh,37.76,99.8,2294,1286,35.5,40.6,NA,36.03
2024-04-16,2024,4,Summer,Rice,Mymensingh,57.07,56.8,28134,4030,34.8,48.0,50.8,54.38
2024-04-17,2024,4,Summer,Potato,Dhaka,35.44,82.7,2862,2138,36.8,49.7,142.9,36.03
2024-04-17,2024,4,Summer,Cauliflower,Rangpur,36.85,139.9,2852,N/A,35.5,-,8.5,38.22
2024-04-18,2024,4,Summer,Wheat,Barisal,44.95,114.2,4686,4151,28.9,65.6,138.0,45.11
2024-04-18,2024,4,Summer,Onion,Barisal,35.21,122.0,4491,1354,35.2,56.6,51.1,36.43
2024-04-19,2024,4,Summer,Cabbage,Sylhet,29.24,94.5,1047,1291,29.2,62.4,136.7,30.41
2024-04-20,2024,4,Summer,Rice,Khulna,68.44,62.1,1546,4082,33.3,59.6,51.0,68.68
2024-04-20,2024,4,Summer,Tomato,Barisal,42.46,58.2,3062,866,34.6,46.3,31.4,44.17
2024-04-22,2024,4,Summer,Rice,Barisal,55.54,134.4,1892,2473,37.4,49.7,93.5,58.11
2024-04-24,2024,4,Summer,Potato,Chittagong,33.58,103.0,1580,1866,28.4,44.5,131.4,34.92
2024-04-24,2024,4,Summer,Eggplant,Barisal,38.3,90.5,null,1475,,54.8,44.1,40.09
2024-04-24,2024,4,Summer,Onion,Mymensingh,32.23,69.9,4979,3683,34.0,72.6,25.3,33.03
2024-04-25,2024,4,Summer,Eggplant,Mymensingh,38.0,146.5,2034,4329,36.2,54.0,15.7,38.08
2024-04-25,2024,4,Summer,Onion,Barisal,35.75,107.0,2804,2691,35.8,57.6,65.7,34.81
2024-04-25,2024,4,Summer,Cauliflower,Rangpur,36.19,147.8,2206,1984,35.0,60.9,49.1,37.43
2024-04-25,2024,4,Summer,Potato,Barisal,32.81,89.8,1869,3721,32.2,60.9,15.6,33.2
2024-04-26,2024,4,Summer,Cauliflower,Rangpur,36.65,117.0,4513,1458,34.9,50.1,142.1,37.28
2024-04-26,2024,4,Summer,Wheat,Rajshahi,47.1,125.1,3642,3876,33.0,56.2,51.7,47.06
2024-04-27,2024,4,Summer,Potato,Chittagong,37.77,77.4,3158,2494,35.0,61.4,20.8,37.68
2024-04-27,2024,4,Summer,Cauliflower,Dhaka,46.54,100.5,N/A,2039,34.7,44.6,134.4,44.42
2024-04-27,2024,4,Summer,Cabbage,Khulna,30.35,116.8,4405,2698,35.6,43.4,23.6,29.74
2024-04-28,2024,4,Summer,Wheat,Rajshahi,41.95,105.0,4805,1446,37.4,70.7,74.2,42.34
2024-04-29,2024,4,Summer,Rice,Dhaka,75.14,102.4,1340,1225,29.6,62.9,133.4,76.97
2024-04-30,2024,4,Summer,Cauliflower,Barisal,37.49,139.4,4067,4203,30.9,53.5,28.6,36.8
2024-05-02,2024,5,Summer,Potato,Dhaka,39.39,131.1,4429,2206,28.8,62.6,10.7,37.58
2024-05-02,2024,5,Summer,Wheat,Mymensingh,45.89,95.2,1275,2029,35.1,null,54.7,48.08
2024-05-02,2024,5,Summer,Eggplant,Sylhet,43.23,60.0,3411,2819,30.8,53.5,121.0,43.81
2024-05-04,2024,5,Summer,Potato,Mymensingh,32.38,110.6,2703,3675,32.7,58.8,101.3,32.22
2024-05-04,2024,5,Summer,Wheat,Chittagong,53.05,146.0,2140,1392,37.9,46.4,60.8,55.32
2024-05-04,2024,5,Summer,Rice,Mymensingh,63.16,100.0,2439,927,32.7,67.9,114.2,64.74
2024-05-05,2024,5,Summer,Onion,Khulna,38.11,77.1,3302,3651,29.1,null,39.7,39.0
2024-05-05,2024,5,Summer,Tomato,Chittagong,55.99,105.0,4276,3592,31.2,66.8,132.9,54.82
2024-05-06,2024,5,Summer,Eggplant,Sylhet,47.37,50.6,4972,979,37.5,51.4,111.1,46.64
2024-05-06,2024,5,Summer,Tomato,Chittagong,60.18,68.1,2983,3440,31.0,44.4,52.2,58.98
2024-05-07,2024,5,Summer,Cauliflower,Khulna,39.97,117.2,4714,1252,34.7,45.2,18.1,38.67
2024-05-07,2024,5,Summer,Rice,Sylhet,76.34,92.2,1669,2431,36.3,56.3,17.0,74.97
2024-05-10,2024,5,Summer,Tomato,Rangpur,48.91,81.6,3152,3155,31.5,44.5,86.6,46.6
2024-05-10,2024,5,Summer,Tomato,Barisal,44.07,137.2,4367,2914,29.3,65.4,71.6,189.39873184150113
2024-05-11,2024,5,Summer,Wheat,Chittagong,57.83,122.1,3427,3174,30.0,63.7,52.2,58.85
2024-05-13,2024,5,Summer,Tomato,Khulna,53.28,58.9,3997,3271,36.7,48.4,128.2,50.94
2024-05-14,2024,5,Summer,Onion,Sylhet,39.78,52.9,2376,,32.0,45.8,72.8,39.08
2024-05-14,2024,5,Summer,Rice,Chittagong,67.96,118.4,2177,1731,32.3,43.4,96.9,66.32
2024-05-14,2024,5,Summer,Wheat,Barisal,44.53,109.1,3161,2905,35.6,50.9,70.8,42.99
2024-05-15,2024,5,Summer,Cabbage,Khulna,25.85,76.8,1881,4444,32.1,59.7,51.9,24.97
2024-05-16,2024,5,Summer,Cauliflower,Rangpur,40.95,108.7,2425,2241,34.2,68.5,107.4,39.58
2024-05-16,2024,5,Summer,Wheat,Barisal,48.0,136.5,3259,1910,37.0,46.0,142.2,47.49
2024-05-17,2024,5,Summer,Eggplant,Rangpur,35.88,122.8,4327,4016,30.3,53.5,104.9,37.49
2024-05-17,2024,5,Summer,Eggplant,Mymensingh,41.63,123.7,2179,3447,32.6,64.5,108.2,40.1
2024-05-18,2024,5,Summer,Eggplant,Rangpur,43.23,83.3,2730,4391,missing,?,42.8,41.49
2024-05-18,2024,5,Summer,Rice,Barisal,56.82,91.5,4521,2962,30.6,44.0,19.4,57.88
2024-05-19,2024,5,Summer,Tomato,Rajshahi,46.78,59.0,1952,3264,33.3,40.0,138.1,48.13
2024-05-19,2024,5,Summer,Potato,Rangpur,28.63,111.1,1768,1294,31.9,56.0,118.3,27.45
2024-05-20,2024,5,Summer,Onion,Khulna,35.78,97.6,2679,2609,34.0,48.6,84.4,37.35
2024-05-20,2024,5,Summer,Potato,Khulna,34.39,106.6,3795,3269,28.7,44.5,14.4,34.17
2024-05-20,2024,5,Summer,Onion,Mymensingh,35.02,144.8,-,1215,29.3,,92.8,36.24
2024-05-21,2024,5,Summer,Eggplant,Sylhet,47.35,113.8,4238,3191,30.1,71.3,70.6,46.65
2024-05-21,2024,5,Summer,Rice,Rangpur,63.1,86.5,2035,1586,37.8,71.6,8.4,63.02
2024-05-22,2024,5,Summer,Cabbage,Rangpur,27.87,75.0,1810,3614,35.2,73.7,19.9,26.94
2024-05-24,2024,5,summer,Eggplant,Sylhet,44.09,130.9,?,?,35.6,74.7,132.6,46.32
2024-05-25,2024,5,Summer,Potato,Mymensingh,32.13,102.3,2186,3355,29.6,57.0,14.4,31.94
2024-05-26,2024,5,Summer,Cauliflower,Sylhet,46.97,121.1,1312,4031,37.3,45.2,100.1,49.43
2024-05-27,2024,5,Summer,Cauliflower,Chittagong,46.25,124.2,2786,876,28.8,51.0,67.2,46.44
2024-05-27,2024,5,Summer,Rice,Dhaka,66.76,121.4,4293,2740,29.5,71.3,25.3,66.63
2024-05-27,2024,5,Summer,Tomato,Rangpur,47.23,,missing,1254,37.4,74.5,99.7,46.84
2024-05-28,2024,5,Summer,Tomato,Dhaka,62.89,137.9,4647,4137,37.4,73.2,37.7,59.95
2024-05-31,2024,5,Summer,Cabbage,Mymensingh,27.09,124.4,2944,2643,30.5,62.3,116.0,27.76
2024-06-03,2024,6,Summer,Rice,Rangpur,60.29,54.4,2584,2329,28.2,67.6,55.0,61.81
2024-06-05,2024,6,Summer,Eggplant,Mymensingh,36.25,56.6,2769,3556,37.3,55.5,97.5,36.97
2024-06-05,2024,6,Summer,Wheat,Dhaka,58.26,130.6,1438,1795,31.7,45.4,121.2,272.1824790083634
2024-06-07,2024,6,Summer,Tomato,Rajshahi,51.03,84.3,2857,3243,30.3,53.5,20.7,50.57
2024-06-07,2024,6,Summer,Tomato,Rangpur,44.6,107.7,1221,2953,32.8,58.9,77.9,43.3
2024-06-07,2024,6,Summer,Wheat,Khulna,47.74,107.0,missing,?,28.7,54.9,46.0,46.89
2024-06-08,2024,6,summer,Wheat,Barisal,missing,-,3558,1648,32.0,55.0,38.7,44.23
2024-06-09,2024,6,Summer,Wheat,Khulna,N/A,53.3,1642,3089,NA,61.1,64.2,49.41
2024-06-11,2024,6,Summer,Eggplant,Rangpur,34.89,78.2,1497,4354,31.7,71.1,104.5,34.93
2024-06-12,2024,6,Summer,Potato,Mymensingh,27.69,139.5,3620,4290,34.3,65.2,140.8,28.68
2024-06-13,2024,6,Summer,Wheat,Chittagong,52.76,90.2,4163,1473,31.9,41.3,138.8,53.11
2024-06-15,2024,6,Summer,Tomato,Chittagong,56.8,57.9,3467,4168,30.9,43.6,52.5,58.67
2024-06-17,2024,6,Summer,Tomato,Barisal,46.67,51.9,-,3607,37.2,67.9,14.6,47.47
2024-06-19,2024,6,Summer,Wheat,Rangpur,47.23,74.9,2416,3518,31.8,69.4,86.0,46.41
2024-06-19,2024,6,Summer,Tomato,Khulna,55.58,52.3,4972,3638,34.1,,missing,54.61
2024-06-20,2024,6,Summer,Potato,Rangpur,34.38,147.6,1594,3487,37.2,51.1,85.8,32.95
2024-06-20,2024,6,Summer,Eggplant,Dhaka,47.14,87.3,1601,3295,34.4,70.9,60.4,44.99
2024-06-21,2024,6,Summer,Tomato,Chittagong,58.74,NA,2478,1534,35.1,?,11.6,59.92
2024-06-21,2024,6,Summer,Tomato,Mymensingh,52.72,73.8,1500,3966,31.3,60.5,61.5,51.15
2024-06-22,2024,6,summer,Potato,Rangpur,N/A,74.6,3040,3572,missing,49.9,147.3,32.51
2024-06-24,2024,6,Summer,Rice,Barisal,62.5,146.7,3439,4165,33.0,74.8,116.7,64.74
2024-06-25,2024,6,Summer,Potato,Rangpur,28.17,98.7,1637,3951,30.3,53.8,48.4,27.74
2024-06-25,2024,6,Summer,Tomato,Rajshahi,45.92,146.4,1232,1256,32.1,58.7,94.7,45.09
2024-06-26,2024,6,Summer,Cabbage,Khulna,26.8,92.9,4760,2476,37.5,58.1,103.9,25.77
2024-06-27,2024,6,Summer,Onion,Dhaka,44.86,112.7,2019,1726,31.4,44.5,60.6,44.01
2024-06-27,2024,6,Summer,Potato,Sylhet,38.43,137.5,3736,2786,34.3,60.9,83.8,38.47
2024-06-27,2024,6,Summer,Potato,Barisal,29.62,118.0,3600,3398,30.3,72.6,108.8,28.59
2024-06-28,2024,6,Summer,Cauliflower,Rangpur,38.97,115.2,2116,2172,36.0,48.9,89.7,39.89
2024-06-28,2024,6,Summer,Cabbage,Mymensingh,26.89,75.9,3812,2903,34.6,45.0,87.3,26.33
2024-06-29,2024,6,Summer,Cabbage,Rajshahi,N/A,112.9,3866,1951,37.0,74.2,-,26.74
2024-07-01,2024,7,Monsoon,Rice,Dhaka,81.42,330.7,1080,997,27.9,79.5,84.4,79.9
2024-07-01,2024,7,Monsoon,Wheat,Rajshahi,55.88,326.6,2765,4456,31.8,87.2,40.4,57.17
2024-07-03,2024,7,Monsoon,Wheat,Chittagong,67.73,331.5,2454,1481,25.3,94.6,103.2,66.75
2024-07-03,2024,7,Monsoon,Rice,Chittagong,76.98,365.4,1173,4395,28.6,79.9,111.6,73.34
2024-07-04,2024,7,Monsoon,Potato,Rangpur,25.92,334.1,4043,3652,27.9,88.6,27.4,24.81
2024-07-04,2024,7,Monsoon,Rice,Chittagong,71.08,325.9,1873,4342,30.8,75.1,125.2,69.79
2024-07-04,2024,7,Monsoon,Wheat,Sylhet,56.91,348.3,3973,2208,31.3,91.3,25.7,58.6
2024-07-04,2024,7,Monsoon,Onion,Khulna,41.79,350.1,3247,2778,31.9,87.4,101.9,41.28
2024-07-04,2024,7,Monsoon,Rice,Rangpur,62.67,304.8,1730,2883,29.9,92.8,19.3,63.49
2024-07-05,2024,7,Monsoon,Potato,Sylhet,29.88,334.6,2996,3973,31.2,79.5,46.5,29.19
2024-07-06,2024,7,Monsoon,Onion,Sylhet,45.03,334.3,2529,2594,null,76.2,14.3,43.3
2024-07-06,2024,7,Monsoon,Rice,Barisal,55.87,213.7,4921,3469,25.2,76.2,126.7,58.56
2024-07-06,2024,7,Monsoon,Onion,Mymensingh,38.88,331.9,2132,1017,30.6,87.1,145.4,40.11
2024-07-06,2024,7,Monsoon,Rice,Khulna,,N/A,1911,3290,28.7,74.6,96.3,71.42
2024-07-06,2024,7,monsoon,Onion,Dhaka,44.84,NULL,4115,2589,29.8,NULL,77.7,45.87
2024-07-09,2024,7,Monsoon,Tomato,Sylhet,54.82,342.4,4798,3668,30.6,82.7,22.6,54.08
2024-07-09,2024,7,Monsoon,Cabbage,Barisal,19.22,235.2,2754,2328,29.2,83.6,60.3,19.86
2024-07-10,2024,7,Monsoon,Cabbage,Mymensingh,23.82,373.9,3856,1778,26.6,89.4,11.3,23.65
2024-07-10,2024,7,Monsoon,Eggplant,Rajshahi,38.11,293.6,1789,4112,26.1,81.5,42.3,39.65
2024-07-10,2024,7,Monsoon,Tomato,Dhaka,59.55,256.4,2419,4007,31.6,90.5,-,56.73
2024-07-12,2024,7,Monsoon,Wheat,Dhaka,65.94,322.6,3921,1427,26.2,91.3,17.0,64.61
2024-07-13,2024,7,Monsoon,Onion,Rajshahi,34.54,282.0,1954,3018,30.9,NA,NULL,35.08
2024-07-14,2024,7,Monsoon,Cauliflower,Rangpur,34.8,356.2,1704,4259,25.6,78.8,83.0,34.8
2024-07-16,2024,7,Monsoon,Wheat,Chittagong,62.5,308.6,2502,3020,25.3,88.0,84.2,60.55
2024-07-16,2024,7,Monsoon,Eggplant,Chittagong,42.45,268.5,3126,NA,27.6,86.1,144.9,44.39
2024-07-16,2024,7,Monsoon,Tomato,Khulna,43.65,321.4,3044,2572,31.0,82.2,101.5,43.94
2024-07-17,2024,7,Monsoon,Potato,Khulna,28.42,357.5,3003,1278,30.9,79.3,140.9,28.92
2024-07-18,2024,7,Monsoon,Cabbage,Dhaka,null,389.0,missing,1410,30.8,84.6,26.5,24.86
2024-07-18,2024,7,Monsoon,Tomato,Rajshahi,46.28,322.9,1382,2858,29.1,84.5,29.8,45.64
2024-07-19,2024,7,Monsoon,Rice,Dhaka,84.38,240.6,4558,3998,28.1,75.6,96.9,81.44
2024-07-19,2024,7,Monsoon,Eggplant,Barisal,31.78,366.4,2536,3053,28.0,78.1,30.8,33.36
2024-07-21,2024,7,Monsoon,Onion,Khulna,44.86,246.6,4171,1404,29.2,76.9,147.7,43.6
2024-07-21,2024,7,Monsoon,Tomato,Dhaka,54.39,297.2,3420,3768,29.8,90.4,75.7,53.79
2024-07-21,2024,7,Monsoon,Eggplant,Chittagong,40.53,206.8,2767,898,31.9,73.3,130.7,39.77
2024-07-23,2024,7,Monsoon,Eggplant,Rajshahi,35.65,243.5,1239,3172,25.4,77.8,12.3,34.83
2024-07-24,2024,7,Monsoon,Rice,Dhaka,73.07,252.2,3772,1449,31.0,82.6,122.0,75.53
2024-07-25,2024,7,Monsoon,Cauliflower,Mymensingh,36.7,204.3,2547,2267,26.8,71.0,107.5,35.89
2024-07-25,2024,7,Monsoon,Rice,Dhaka,75.07,317.3,4572,1701,26.9,73.8,123.0,73.79
2024-07-26,2024,7,Monsoon,Potato,Chittagong,30.57,325.1,4579,1090,25.9,82.9,19.6,30.36
2024-07-27,2024,7,Monsoon,Onion,Dhaka,46.47,338.0,,N/A,27.1,83.7,116.2,48.57
2024-07-27,2024,7,Monsoon,Onion,Khulna,40.25,288.0,2122,1237,26.1,88.1,141.5,42.04
2024-07-28,2024,7,Monsoon,Potato,Chittagong,31.83,228.5,4002,1605,31.4,77.3,9.7,32.05
2024-07-28,2024,7,Monsoon,Tomato,Mymensingh,41.29,340.6,3075,1801,32.0,88.2,143.0,41.78
2024-07-29,2024,7,Monsoon,Onion,Rangpur,34.3,356.9,4271,3651,29.7,93.2,61.2,35.04
2024-07-29,2024,7,Monsoon,Onion,Mymensingh,34.71,268.1,2455,3951,31.1,76.7,26.9,36.36
2024-07-29,2024,7,Monsoon,Potato,Sylhet,34.21,296.9,2286,3277,26.4,90.3,32.3,32.95
2024-07-30,2024,7,Monsoon,Tomato,Chittagong,57.37,223.7,4131,2504,30.5,75.6,80.8,56.77
2024-07-31,2024,7,Monsoon,Rice,Dhaka,69.63,389.7,null,3162,26.5,?,94.6,71.31
2024-08-02,2024,8,Monsoon,Rice,Barisal,63.61,332.3,1282,2872,25.1,80.5,76.1,62.69
2024-08-03,2024,8,Monsoon,Potato,Barisal,25.08,293.7,4553,4205,31.0,74.0,82.0,24.83
2024-08-03,2024,8,Monsoon,Eggplant,Rangpur,32.55,359.1,3668,4174,30.6,80.8,83.3,33.21
2024-08-03,2024,8,Monsoon,Eggplant,Chittagong,45.93,N/A,NA,2067,31.8,89.5,17.6,45.71
2024-08-04,2024,8,Monsoon,Onion,Rajshahi,39.66,327.7,2660,4187,27.3,80.0,18.8,39.95
2024-08-04,2024,8,Monsoon,Rice,Rangpur,58.28,361.7,4234,2561,26.5,75.3,8.3,55.62
2024-08-07,2024,8,Monsoon,Cabbage,Mymensingh,21.7,340.3,2048,1001,29.2,71.8,139.9,21.99
2024-08-07,2024,8,Monsoon,Cabbage,Rajshahi,23.24,372.9,4078,2062,27.2,70.8,65.0,22.77
2024-08-07,2024,8,Monsoon,Tomato,Rajshahi,48.19,353.4,4008,2442,27.5,75.4,135.6,47.95
2024-08-08,2024,8,Monsoon,Rice,Khulna,NULL,284.8,1304,1823,27.3,71.6,missing,74.25
2024-08-09,2024,8,Monsoon,Tomato,Chittagong,50.35,350.0,2685,1042,31.1,73.2,130.6,47.99
2024-08-09,2024,8,Monsoon,Cauliflower,Chittagong,43.07,263.6,1900,1553,30.5,74.0,83.7,42.98
2024-08-10,2024,8,Monsoon,Potato,Barisal,24.05,329.9,2022,NULL,26.3,null,137.5,25.25
2024-08-11,2024,8,Monsoon,Wheat,Rajshahi,61.4,328.5,2843,2708,27.4,91.9,118.1,60.31
2024-08-11,2024,8,Monsoon,Cabbage,Chittagong,27.61,305.6,1210,3286,28.7,81.0,44.0,27.69
2024-08-12,2024,8,Monsoon,Rice,Mymensingh,62.74,368.3,2649,951,31.4,71.0,-,60.35
2024-08-13,2024,8,Monsoon,Potato,Mymensingh,27.38,356.0,1530,3316,28.0,missing,74.2,27.56
2024-08-14,2024,8,Monsoon,Rice,Rangpur,61.85,?,2952,3106,27.2,73.6,96.3,64.37
2024-08-15,2024,8,Monsoon,Onion,Dhaka,48.78,,3576,3753,30.9,73.7,103.7,48.2
2024-08-15,2024,8,Monsoon,Potato,Dhaka,31.69,258.4,4020,3357,28.4,73.2,16.1,33.26
2024-08-16,2024,8,Monsoon,Cauliflower,Mymensingh,35.03,335.1,3093,2738,31.7,88.4,100.5,34.03
2024-08-17,2024,8,Monsoon,Wheat,Rajshahi,54.2,278.9,3424,3125,29.6,73.3,47.3,56.68
2024-08-17,2024,8,Monsoon,Cabbage,Rangpur,22.92,341.3,2490,4090,28.0,79.1,139.2,22.25
2024-08-18,2024,8,Monsoon,Rice,Sylhet,78.89,242.4,4182,2662,25.8,91.4,142.8,78.49
2024-08-19,2024,8,Monsoon,Cauliflower,Barisal,37.07,255.3,3483,1596,27.8,70.1,30.4,37.24
2024-08-20,2024,8,Monsoon,Rice,Barisal,60.09,285.6,2463,2487,29.6,76.2,99.0,61.0
2024-08-21,2024,8,Monsoon,Tomato,Dhaka,50.59,341.9,1634,963,27.3,71.3,140.2,52.4
2024-08-21,2024,8,Monsoon,Eggplant,Rangpur,39.78,337.8,4882,2805,27.9,74.1,78.3,38.88
2024-08-21,2024,8,Monsoon,Cabbage,Mymensingh,22.62,304.4,1985,3167,28.4,77.0,117.0,22.67
2024-08-22,2024,8,Monsoon,Onion,Khulna,38.92,365.9,2604,1008,25.7,91.2,67.6,39.58
2024-08-22,2024,8,Monsoon,Cabbage,Rajshahi,22.23,242.1,3876,2577,30.7,89.9,35.1,22.58
2024-08-22,2024,8,Monsoon,Eggplant,Khulna,41.33,333.1,1425,3998,28.4,85.2,87.0,40.02
2024-08-23,2024,8,Monsoon,Cauliflower,Dhaka,47.17,280.6,4431,3534,25.5,90.6,77.7,46.38
2024-08-24,2024,8,Monsoon,Cauliflower,Mymensingh,33.41,258.7,3913,2398,30.8,86.8,111.5,31.94
2024-08-27,2024,8,Monsoon,Tomato,Rajshahi,44.33,275.0,1594,3173,31.0,88.7,121.0,43.31
2024-08-28,2024,8,Monsoon,Cabbage,Rangpur,20.84,268.4,3843,1767,29.7,88.5,108.2,21.54
2024-08-28,2024,8,Monsoon,Onion,Khulna,42.5,214.1,4945,1931,27.8,88.1,90.0,44.08
2024-08-29,2024,8,Monsoon,Potato,Rajshahi,26.18,207.8,3344,26927,26.8,74.5,143.9,27.4
2024-08-29,2024,8,Monsoon,Eggplant,Barisal,35.45,363.5,3920,3906,28.7,94.3,114.6,34.85
2024-08-29,2024,8,Monsoon,Potato,Chittagong,31.06,256.0,2076,3108,30.6,84.7,116.1,32.35
2024-08-30,2024,8,Monsoon,Wheat,Dhaka,69.01,201.0,2442,3504,25.3,73.4,132.4,66.78
2024-08-31,2024,8,Monsoon,Eggplant,Sylhet,39.94,257.6,2158,3679,25.5,75.8,43.4,38.55
2024-08-31,2024,8,Monsoon,Potato,Sylhet,28.74,389.5,1822,2762,31.8,94.2,47.3,29.28
2024-08-31,2024,8,Monsoon,Wheat,Barisal,54.05,209.2,3132,3938,27.2,84.4,50.3,53.2
2024-08-31,2024,8,Monsoon,Wheat,Dhaka,67.97,228.1,2969,4168,31.8,94.4,146.9,70.36
2024-09-01,2024,9,Monsoon,Onion,Barisal,36.78,333.4,4338,3728,26.0,79.4,missing,36.51
2024-09-02,2024,9,Monsoon,Potato,Mymensingh,26.22,217.6,4385,4005,27.9,83.9,32.8,26.75
2024-09-03,2024,9,Monsoon,Tomato,Mymensingh,42.31,286.0,4248,3674,29.6,91.9,84.9,44.01
2024-09-04,2024,9,Monsoon,Tomato,Rangpur,48.39,368.5,1871,NA,27.0,74.0,82.4,46.8
2024-09-05,2024,9,Monsoon,Cauliflower,Rajshahi,36.67,314.7,4343,4045,NA,72.0,65.8,37.78
2024-09-06,2024,9,Monsoon,Cabbage,Chittagong,22.65,244.4,1327,3294,27.7,94.6,94.0,23.75
2024-09-06,2024,9,Monsoon,Rice,Rajshahi,65.7,250.9,1498,1589,28.8,82.9,115.3,65.01
2024-09-07,2024,9,Monsoon,Tomato,Rajshahi,44.96,369.8,4390,3679,27.2,82.6,104.8,47.16
2024-09-08,2024,9,Monsoon,Onion,Khulna,40.13,270.3,1371,1396,31.6,93.7,55.4,38.79
2024-09-08,2024,9,Monsoon,Wheat,Dhaka,66.1,382.4,3680,4148,29.9,93.1,15.9,68.21
2024-09-08,2024,9,Monsoon,Onion,Khulna,39.28,255.6,3489,4418,29.7,84.3,98.7,38.11
2024-09-08,2024,9,Monsoon,Tomato,Rajshahi,44.55,271.7,2911,2646,31.0,74.1,11.2,43.45
2024-09-09,2024,9,Monsoon,Onion,Khulna,38.46,235.5,3796,1105,26.2,82.8,59.7,39.7
2024-09-09,2024,9,Monsoon,Rice,Sylhet,71.97,379.9,2052,1325,N/A,null,101.9,73.27
2024-09-10,2024,9,Monsoon,Potato,Rajshahi,26.94,310.6,44123,1154,28.7,91.6,36.4,27.18
2024-09-10,2024,9,Monsoon,Tomato,Khulna,45.03,337.0,2128,1626,26.0,71.6,62.9,47.36
2024-09-10,2024,9,Monsoon,Onion,Mymensingh,37.49,253.8,3382,3379,30.3,73.9,38.6,36.37
2024-09-10,2024,9,Monsoon,Onion,Barisal,41.69,329.0,3269,4163,28.3,84.4,12.7,39.76
2024-09-11,2024,9,Monsoon,Onion,Rajshahi,44.32,366.7,3913,1385,28.9,82.3,119.4,42.86
2024-09-11,2024,9,Monsoon,Cauliflower,Barisal,33.66,242.1,1371,NA,28.3,82.7,-,33.64
2024-09-12,2024,9,Monsoon,Eggplant,Chittagong,43.71,343.0,1801,1433,25.0,91.5,110.9,41.96
2024-09-13,2024,9,Monsoon,Wheat,Sylhet,67.44,287.5,2618,4167,28.3,83.3,24.8,66.37
2024-09-15,2024,9,Monsoon,Cabbage,Chittagong,26.78,247.5,1499,995,29.5,85.6,14.1,27.5
2024-09-16,2024,9,Monsoon,Onion,Chittagong,47.54,292.9,3871,2037,25.8,71.1,10.4,46.84
2024-09-16,2024,9,Monsoon,Potato,Barisal,24.88,256.6,2674,3972,-,89.7,98.9,25.29
2024-09-18,2024,9,Monsoon,Onion,Chittagong,48.3,NA,3872,4289,,80.7,42.7,49.95
2024-09-18,2024,9,Monsoon,Wheat,Rajshahi,56.87,missing,2529,null,25.9,84.1,73.7,55.82
2024-09-19,2024,9,Monsoon,Cauliflower,Barisal,32.91,284.8,2716,3670,27.6,80.0,70.4,32.1
2024-09-20,2024,9,Monsoon,Cabbage,Barisal,19.22,254.7,2845,2809,28.9,79.4,31.9,19.76
2024-09-22,2024,9,Monsoon,Onion,Sylhet,48.82,265.5,1218,3378,31.1,91.3,145.4,47.42
2024-09-23,2024,9,Monsoon,Tomato,Barisal,43.99,301.9,?,3702,,70.4,53.0,43.71
2024-09-23,2024,9,Monsoon,Cabbage,Dhaka,28.61,315.6,1527,3406,30.1,80.1,51.1,28.93
2024-09-24,2024,9,Monsoon,Wheat,Dhaka,66.67,365.1,1568,1230,,88.1,,63.53
2024-09-26,2024,9,Monsoon,Onion,Mymensingh,40.79,228.6,2888,3412,26.8,70.2,121.7,41.82
2024-09-28,2024,9,Monsoon,Onion,Sylhet,45.07,217.2,2977,1328,26.1,82.3,120.1,46.59
2024-10-01,2024,10,Monsoon,Rice,Dhaka,74.76,239.9,2925,2356,29.9,76.8,59.4,75.6
2024-10-02,2024,10,Monsoon,Eggplant,Khulna,38.61,227.1,1027,2420,29.3,90.1,52.8,39.27
2024-10-02,2024,10,Monsoon,Wheat,Barisal,47.49,308.0,4892,3758,27.7,89.5,53.3,49.88
2024-10-03,2024,10,Monsoon,Eggplant,Dhaka,40.03,NA,missing,2669,31.7,75.1,104.8,42.13
2024-10-03,2024,10,Monsoon,Potato,Rajshahi,26.63,234.1,1143,3517,31.4,91.6,72.7,27.02
2024-10-03,2024,10,Monsoon,Onion,Chittagong,41.83,292.7,2941,2528,26.2,73.8,106.9,43.93
2024-10-04,2024,10,Monsoon,Tomato,Sylhet,50.37,302.2,1654,4219,29.3,78.4,52.4,51.92
2024-10-05,2024,10,Monsoon,Potato,Rangpur,27.09,288.5,1889,1155,26.0,73.1,110.9,26.06
2024-10-05,2024,10,Monsoon,Tomato,Chittagong,53.9,344.5,1889,2821,30.3,73.0,58.5,54.38
2024-10-07,2024,10,Monsoon,Rice,Sylhet,73.72,220.2,3131,1905,29.9,80.5,135.3,72.83
2024-10-07,2024,10,Monsoon,Cabbage,Rangpur,19.6,277.9,NA,2990,30.0,71.6,113.2,20.62
2024-10-07,2024,10,Monsoon,Cauliflower,Mymensingh,33.03,312.4,3325,995,29.8,71.5,123.0,33.37
2024-10-08,2024,10,Monsoon,Onion,Mymensingh,36.48,393.3,1240,4118,30.8,75.3,111.2,37.1
2024-10-09,2024,10,Monsoon,Onion,Rajshahi,38.17,200.3,2445,1785,26.3,86.7,80.9,37.9
2024-10-10,2024,10,Monsoon,Wheat,Mymensingh,56.58,317.9,3065,1351,25.0,88.4,85.2,54.07
2024-10-10,2024,10,Monsoon,Tomato,Sylhet,51.58,314.0,2542,3477,29.1,92.5,16.3,52.21
2024-10-11,2024,10,Monsoon,Wheat,Mymensingh,58.09,300.1,-,3588,27.1,71.4,128.9,58.79
2024-10-11,2024,10,Monsoon,Potato,Sylhet,32.42,382.8,4256,21456,27.6,93.7,85.3,31.69
2024-10-12,2024,10,Monsoon,Wheat,Sylhet,59.56,262.5,1369,-,,93.6,28.9,62.17
2024-10-13,2024,10,Monsoon,Onion,Rajshahi,38.72,397.1,4203,1804,N/A,92.8,NULL,38.58
2024-10-13,2024,10,Monsoon,Rice,Mymensingh,N/A,222.5,3968,1761,31.2,null,44.6,59.64
2024-10-14,2024,10,Monsoon,Tomato,Khulna,50.7,291.2,2396,2288,30.7,91.1,53.1,49.1
2024-10-15,2024,10,Monsoon,Cauliflower,Mymensingh,37.28,285.4,1426,1483,28.8,82.6,100.3,36.22
2024-10-16,2024,10,Monsoon,Wheat,Dhaka,67.96,null,1571,3816,30.2,83.6,90.6,313.655416013037
2024-10-16,2024,10,Monsoon,Wheat,Sylhet,71.5,335.8,4683,2640,31.1,74.4,137.0,68.18
2024-10-18,2024,10,Monsoon,Potato,Mymensingh,28.28,227.2,2641,1619,27.2,72.1,27.9,27.92
2024-10-20,2024,10,Monsoon,Cauliflower,Rajshahi,38.32,missing,4026,3607,25.7,86.8,?,36.8
2024-10-22,2024,10,Monsoon,Potato,Rajshahi,26.79,228.1,2288,4248,?,79.0,-,26.92
2024-10-22,2024,10,Monsoon,Cabbage,Dhaka,29.15,356.4,21070,1961,29.6,77.7,135.9,29.84
2024-10-23,2024,10,Monsoon,Rice,Chittagong,80.62,246.4,4025,3761,25.3,93.0,65.6,77.89
2024-10-23,2024,10,Monsoon,Eggplant,Chittagong,47.68,222.6,4189,3197,29.9,73.4,65.0,45.68
2024-10-24,2024,10,Monsoon,Onion,Khulna,40.94,281.9,39934,4341,30.4,70.2,137.2,39.82
2024-10-24,2024,10,Monsoon,Tomato,Mymensingh,48.69,393.9,4089,3149,30.6,88.2,138.7,47.89
2024-10-25,2024,10,Monsoon,Onion,Rajshahi,36.2,248.7,1085,4312,30.9,80.4,84.9,35.8
2024-10-26,2024,10,Monsoon,Potato,Dhaka,31.15,261.1,3864,3893,29.6,87.6,5.2,32.0
2024-10-26,2024,10,Monsoon,Wheat,Dhaka,70.19,363.2,2823,3553,31.8,79.4,92.2,72.94
2024-10-27,2024,10,Monsoon,Cauliflower,Rajshahi,NULL,257.4,4398,2735,26.0,87.6,70.0,33.05
2024-10-27,2024,10,Monsoon,Wheat,Barisal,56.19,364.4,3316,2772,31.1,73.0,89.8,55.14
2024-10-28,2024,10,Monsoon,Wheat,Mymensingh,55.04,347.4,2856,2188,30.6,94.7,87.0,52.5
2024-10-31,2024,10,Monsoon,Eggplant,Khulna,40.69,283.8,3332,4190,25.9,83.4,117.6,39.4
2024-10-31,2024,10,Monsoon,Tomato,Rangpur,43.64,283.2,2694,2344,31.3,90.4,75.8,44.63
2024-11-02,2024,11,Winter,Rice,Sylhet,59.61,34.5,4365,4088,16.5,41.6,123.6,59.96
2024-11-02,2024,11,Winter,Eggplant,Mymensingh,36.91,70.8,4955,3848,19.9,61.6,146.2,36.54
2024-11-02,2024,11,Winter,Potato,Chittagong,25.75,55.7,4990,2513,21.4,61.7,25.1,25.98
2024-11-03,2024,11,Winter,Potato,Barisal,20.0,56.5,4754,2232,21.6,63.2,23.7,20.39
2024-11-03,2024,11,Winter,Potato,Sylhet,24.45,51.9,4997,3400,17.2,?,-,24.9
2024-11-04,2024,11,Winter,Potato,Chittagong,24.0,19.6,1046,1471,18.5,58.1,124.3,24.01
2024-11-04,2024,11,Winter,Tomato,Barisal,35.18,72.0,2683,2035,20.0,74.7,108.3,34.26
2024-11-05,2024,11,Winter,Wheat,Rajshahi,46.72,58.7,1021,3072,18.1,41.4,88.4,46.97
2024-11-05,2024,11,Winter,Eggplant,Rajshahi,36.91,N/A,3140,2242,20.1,64.1,101.1,36.52
2024-11-06,2024,11,Winter,Cabbage,Mymensingh,16.35,79.1,3400,2336,15.6,52.0,83.0,17.1
2024-11-06,2024,11,Winter,Wheat,Chittagong,52.78,32.4,3159,3106,20.3,53.8,84.2,52.39
2024-11-07,2024,11,Winter,Potato,Mymensingh,24.26,35.2,1146,1181,18.2,71.4,123.9,23.63
2024-11-07,2024,11,Winter,Wheat,Mymensingh,45.53,34.2,1850,3863,18.7,50.2,50.7,43.42
2024-11-08,2024,11,Winter,Tomato,Chittagong,42.47,52.5,2930,4352,17.2,54.4,25.7,42.55
2024-11-08,2024,11,Winter,Potato,Rajshahi,23.17,22.9,1388,867,16.5,51.8,8.1,23.42
2024-11-10,2024,11,Winter,Cauliflower,Barisal,24.53,,4082,null,25.0,68.8,147.3,24.46
2024-11-10,2024,11,Winter,Eggplant,Dhaka,45.8,47.9,1173,4273,21.2,57.2,147.9,45.88
2024-11-11,2024,11,Winter,Eggplant,Barisal,33.13,63.2,1986,3094,22.7,64.7,56.5,33.49
2024-11-11,2024,11,Winter,Cauliflower,Rangpur,22.76,38.3,4099,2700,24.2,45.5,131.6,23.26
2024-11-13,2024,11,Winter,Cauliflower,Rangpur,22.6,69.8,2514,2381,17.8,52.3,146.7,22.89
2024-11-13,2024,11,Winter,Tomato,Rajshahi,34.65,48.7,3083,3891,21.0,41.4,134.1,35.84
2024-11-14,2024,11,Winter,Eggplant,Rajshahi,38.65,26.3,1295,951,19.9,40.7,136.5,37.76
2024-11-15,2024,11,Winter,Wheat,Barisal,40.6,24.5,1614,1939,22.3,44.2,33.6,40.16
2024-11-17,2024,11,Winter,Tomato,Chittagong,44.62,22.0,3986,1802,18.8,74.6,97.8,46.17
2024-11-17,2024,11,Winter,Cauliflower,Mymensingh,22.64,24.7,3839,1077,22.9,65.2,12.0,22.98
2024-11-17,2024,11,Winter,Wheat,Rajshahi,49.02,54.3,3015,1170,18.3,47.8,88.5,47.61
2024-11-19,2024,11,Winter,Eggplant,Mymensingh,37.87,55.2,2972,1436,23.9,58.8,53.6,37.39
2024-11-19,2024,11,Winter,Onion,Barisal,39.81,79.5,2283,3043,15.1,42.4,64.6,41.86
2024-11-21,2024,11,Winter,Rice,Sylhet,65.53,63.4,1717,2727,19.4,49.7,149.6,65.41
2024-11-21,2024,11,Winter,Cauliflower,Dhaka,28.67,35.6,3535,967,16.8,59.6,14.7,29.06
2024-11-22,2024,11,Winter,Onion,Mymensingh,43.1,68.6,45136,2941,22.2,71.4,61.6,42.5
2024-11-23,2024,11,Winter,Cabbage,Mymensingh,16.56,54.3,3571,2496,15.8,67.8,116.5,16.77
2024-11-23,2024,11,Winter,Tomato,Barisal,37.31,36.0,3663,1479,20.2,47.2,94.0,38.7
2024-11-24,2024,11,Winter,Cabbage,Rangpur,19.65,23.9,3425,3628,17.4,64.4,48.7,19.02
2024-11-24,2024,11,Winter,Cauliflower,Rangpur,24.85,19.8,3823,3766,22.5,52.1,19.2,25.94
2024-11-24,2024,11,Winter,Potato,Rangpur,22.09,72.0,2386,1661,17.4,68.3,100.8,22.53
2024-11-25,2024,11,Winter,Eggplant,Rajshahi,38.24,64.5,3504,918,23.8,65.5,134.3,36.9
2024-11-25,2024,11,Winter,Cabbage,Barisal,16.23,57.9,3235,1362,24.6,47.5,11.6,16.52
2024-11-26,2024,11,Winter,Eggplant,Barisal,37.87,78.7,4311,3800,16.1,70.8,110.6,36.78
2024-11-27,2024,11,Winter,Eggplant,Dhaka,39.1,34.1,1493,4323,16.3,42.5,60.5,39.41
2024-11-27,2024,11,Winter,Onion,Dhaka,48.89,62.1,3152,3261,20.6,58.6,11.8,47.56
2024-11-27,2024,11,Winter,Wheat,Chittagong,49.19,76.6,2728,2264,15.1,60.9,54.8,48.41
2024-11-28,2024,11,Winter,Cauliflower,Barisal,23.02,14.8,2811,3386,17.7,42.0,78.6,23.48
2024-11-28,2024,11,Winter,Cabbage,Sylhet,20.31,29.9,3335,1871,16.2,68.8,133.2,21.14
2024-11-29,2024,11,Winter,Tomato,Barisal,36.52,40.4,2858,813,23.8,49.2,77.6,34.93
2024-11-29,2024,11,Winter,Rice,Dhaka,68.48,27.1,4363,3097,23.5,50.2,27.9,72.02
2024-11-30,2024,11,Winter,Eggplant,Rajshahi,35.5,NA,3625,2119,20.2,42.3,126.1,36.94
2024-11-30,2024,11,Winter,Potato,Rajshahi,26.18,44.8,3471,1435,24.2,72.8,139.6,24.94
2024-12-01,2024,12,Winter,Cabbage,Chittagong,22.32,79.4,1919,1216,17.8,42.7,53.4,21.35
2024-12-01,2024,12,Winter,Rice,Dhaka,NULL,16.2,4654,3206,20.7,46.1,50.5,64.44
2024-12-02,2024,12,Winter,Tomato,Sylhet,46.5,58.2,1392,2988,23.2,40.5,80.1,46.13
2024-12-04,2024,12,Winter,Onion,Chittagong,47.13,39.8,2863,3442,16.0,58.4,110.4,45.01
2024-12-05,2024,12,Winter,Potato,Barisal,24.03,N/A,3047,1174,18.4,NA,115.1,23.59
2024-12-07,2024,12,Winter,Tomato,Rajshahi,35.13,42.2,1639,1366,23.9,48.7,42.2,35.98
2024-12-10,2024,12,Winter,Wheat,Khulna,52.03,42.1,1328,2400,17.9,73.5,20.9,50.04
2024-12-10,2024,12,Winter,Potato,Barisal,24.1,79.0,2011,4058,16.3,74.3,118.7,24.01
2024-12-11,2024,12,Winter,Onion,Rangpur,38.34,47.3,3103,1107,22.5,53.4,118.0,39.67
2024-12-12,2024,12,Winter,Potato,Khulna,22.58,61.3,3593,3654,22.1,59.7,98.9,22.26
2024-12-13,2024,12,Winter,Eggplant,Rajshahi,35.95,25.6,3611,1268,24.0,57.1,31.6,37.39
2024-12-14,2024,12,Winter,Tomato,Rajshahi,37.7,56.5,2552,3574,16.7,59.9,63.9,36.79
2024-12-14,2024,12,Winter,Cabbage,Mymensingh,18.46,20.3,3816,822,23.6,71.0,117.9,17.76
2024-12-14,2024,12,Winter,Onion,Sylhet,50.17,69.4,3677,4315,15.3,54.2,59.7,49.43
2024-12-14,2024,12,Winter,Wheat,Rangpur,37.12,43.4,1952,4318,NA,59.0,42.4,38.73
2024-12-14,2024,12,Winter,Wheat,Mymensingh,43.97,15.8,4084,19994,19.1,47.6,57.0,43.14
2024-12-16,2024,12,Winter,Eggplant,Chittagong,41.44,57.9,3909,3939,17.3,47.8,129.9,41.58
2024-12-17,2024,12,Winter,Tomato,Dhaka,52.37,56.1,2124,833,21.9,66.1,12.1,52.03
2024-12-17,2024,12,winter,Potato,Chittagong,25.41,38.0,2386,4080,22.0,64.7,28.3,25.28
2024-12-17,2024,12,Winter,Cauliflower,Barisal,24.72,12.1,2946,1262,19.6,46.0,116.4,25.09
2024-12-18,2024,12,Winter,Cabbage,Mymensingh,18.88,72.1,3557,4029,19.4,52.1,122.7,18.66
2024-12-18,2024,12,Winter,Tomato,Sylhet,45.25,40.3,1165,1917,22.6,56.0,16.6,44.15
2024-12-19,2024,12,Winter,Cabbage,Khulna,19.81,29.5,4560,826,16.6,54.8,45.3,19.31
2024-12-22,2024,12,Winter,Onion,Khulna,42.57,59.3,4260,1056,23.0,58.8,58.0,42.24
2024-12-22,2024,12,Winter,Tomato,Khulna,-,31.8,4654,2187,15.5,41.0,-,38.62
2024-12-22,2024,12,Winter,Tomato,Sylhet,47.42,78.0,4372,924,24.3,74.9,96.7,45.76
2024-12-23,2024,12,Winter,Cabbage,Mymensingh,16.92,47.1,2780,848,23.0,53.4,50.8,17.29
2024-12-23,2024,12,Winter,Eggplant,Sylhet,37.19,46.3,3024,4091,19.9,73.5,96.6,38.28
2024-12-24,2024,12,Winter,Tomato,Rangpur,37.21,65.5,2949,3635,16.4,49.5,70.3,38.65
2024-12-24,2024,12,Winter,Rice,Mymensingh,61.96,77.4,4095,1254,NA,61.3,129.5,59.15
2024-12-25,2024,12,Winter,Potato,dhaka,NULL,41.9,1247,3330,24.3,71.9,NULL,26.49
2024-12-25,2024,12,Winter,Wheat,Khulna,44.53,63.2,4655,2619,18.1,56.8,40.4,43.17
2024-12-28,2024,12,Winter,Cabbage,Rajshahi,19.57,64.9,4332,1647,20.7,58.6,91.5,18.99
2024-12-28,2024,12,Winter,Rice,Barisal,51.59,48.1,4492,1595,22.4,51.6,102.4,50.8
2024-12-28,2024,12,Winter,Onion,Rangpur,36.55,53.9,1852,2462,19.2,65.7,69.4,36.84
2024-12-29,2024,12,Winter,Onion,Barisal,41.15,13.4,2224,1865,16.7,73.3,128.9,39.87
2024-12-29,2024,12,Winter,Wheat,Barisal,44.35,71.1,3701,3450,17.1,null,145.9,43.33
2024-12-30,2024,12,Winter,Onion,Mymensingh,38.91,32.7,3656,3714,22.2,44.3,21.6,37.79
2024-12-30,2024,12,Winter,Cauliflower,Barisal,24.03,22.5,2736,2977,23.7,42.8,6.0,23.42
2024-12-31,2024,12,Winter,Tomato,Rangpur,35.82,57.7,3267,4378,22.4,71.8,6.1,36.53
2024-12-31,2024,12,Winter,Tomato,Sylhet,48.57,21.1,3596,2048,19.4,50.3,112.8,48.69