2023,1,0,0,0,43.49,43,4721,27623,16.8,73.2,57.7,45.3
2023,1,0,0,1,63.11,76.3,4809,800,18.8,65.6282,28.1,64.38
2023,1,0,1,2,14.51,13,3170,2557,23,67.6,60.3,14.91
2023,1,0,2,0,20.81,76.2,27185,3049,16.3,71.4,47.8,21.31
2023,1,0,1,3,18.69,19.7,1769,981,19.4,51.9,99.8,19.25
2023,1,0,3,3,40.42,145.087,1261,3016,24.3,42.4,78.3533,38.52
2023,1,0,0,4,55.37,60.3,2737,2978,17.3,56.1,27.5,56.05
2023,1,0,4,5,37.77,59,34022,3827,24.1,48.4,50.7,38.52
2023,1,0,5,6,32.5,16.6,2878,2155,21.2,60.8,14.7,33.87
2023,1,0,5,2,30.11,62.8,4907,2150,22.2,40.4,99.8,30.72
2023,1,0,6,6,34.98,28.8,4795,3037,15.3,41.3,75.1,34.71
2023,1,0,0,2,48.38,79.7,4531,2781.6,19.2,49.1,108.8,50.55
2023,1,0,5,3,41.45,19.4,1472,4444,20.5,49.5,92.7,43.15
2023,1,0,4,7,37.64,23.5,1038,1707,22.6,63.8,107.8,36.75
2023,1,0,1,7,14.79,44,4116,2556,16.5,57.9,41.2,15.17
2023,1,0,5,3,41.19,19.6,3745,3866,19.6,42.9,100.3,41.34
2023,1,0,3,8,45.06,50.5,1592,2126,23.2,65.7,124.7,44.33
2023,1,0,3,7,40.0763,23.6,3401,2071,24.1,65.6282,77.9,34.88
2023,1,0,7,0,17.25,45.5,3314.8,2662,21.5,65.6282,66.3,18.14
2023,1,0,3,6,39.24,12.3,3565,1204,20.1,49.5,144.4,37.54
2023,1,0,5,9,39.68,57.1,3753,1873,23.2,72.9,20.7,39.35
2023,1,0,7,1,40.0763,67.5,1398,2668,23.4,42.2,123.5,26.49
2023,1,0,3,4,40.81,73.8,2745,3193,18.7,66.8,140.5,39.9
2023,1,0,7,1,24.87,26.6,2625,2121,19.8,70,32.2,26.15
2023,1,0,0,5,53.95,68.9,3125,4158,18.2,46,88,52.68
2023,1,0,3,1,38.8,18.9,1739,1957,18.5,62.9,40.4,40.65
2023,1,0,4,4,41.79,58.4,2254,3519,19.7,58.6,66.7,41.45
2023,1,0,4,5,43.59,29.2,1842,1804,23.4,60.3,17.3,42.2
2023,1,0,2,4,40.0763,15.2,1696,4436,22.3,65.6282,135.2,28.38
2023,1,0,1,2,16.61,63.1,4774,2029,16.5,65.4,42.3,16.45
2023,1,0,2,7,23.86,22.7,4661,881,24.5,59.8,133.4,22.79
2023,1,0,4,1,48,55.1,1179,1341,15.8,45,78.3533,49.24
2023,1,0,0,3,57.75,17.2,4630,4226,15,47.9,37.9,58.24
2023,1,0,0,4,56.38,64.2,3975,2531,16.1,42.1,59.1,53.76
2023,1,0,3,4,43.34,27.6,3880,2265,23.7,73.9,15.8,45.3
2023,1,0,3,2,32.88,70.5,4960,3967,21.4,54,147.3,33.62
2023,1,0,5,5,32.28,39.2,2829,2129,15.4,43.9,111.1,32.95
2023,1,0,3,7,40.0763,65.5,3314.8,2060,24.6,68.4,145.2,35.19
2023,1,0,2,0,22.9,78.8,1531,3306,15.7,53.9,109,22.05
2023,1,0,1,0,40.0763,17.4,3382,1102,20.9,45.5,26.3,14.32
2023,1,0,2,6,22.95,76.4,2746,3798,16.3,55.9,138.1,23.08
2023,1,0,7,2,19.87,32.9,2240,3347,22.6,63.1,80.4,19.63
2023,1,0,7,4,22.97,76.1,1603,1841,20.8,65.6282,28.4,23.57
2023,1,0,4,2,33.62,61.4,2858,3398,18.6,48.4,135.2,33.18
2023,1,0,6,2,31.84,76,2623,1681,18.1,64.4,49.2,31.33
2023,1,0,2,3,28.05,23.2,3543,2840,17.2,52.1,131.5,28.97
2023,1,0,0,0,49.4,30.5,2535,2564,20.3,59.8,119.9,51.22
2023,1,0,1,6,18.84,11.3,3269,3200,17.5,59.4,118.9,18.52
2023,1,0,6,2,27.21,17.9,2587,4095,24.3,47.2,115.2,28.32
2023,1,0,3,6,35.85,25.3,2073,3744,23.5,48.6,33.4,37.06
2023,1,0,2,5,21.15,60.9,4849,1318,19.8,73.4,55.5,21.65
2023,1,0,0,7,48.6,42.6,1716,854,15.4,42.2,116.6,48.23
2023,2,0,4,6,39,41.8,1644,2315,18.2,72.9,91.5,39.75
2023,2,0,7,0,17.03,75.1,4735,3221,21.1,68.3,79.1,17.88
2023,2,0,1,1,18.56,145.087,3432,937,26.9907,70.5,40.5,18.66
2023,2,0,2,1,31.28,62.8,2377,4192,23.1,60.7,114.8,30.06
2023,2,0,2,3,27.06,70.9,1032,1450,18.3,62.7,19.5,27.27
2023,2,0,4,3,44.58,35.4,3229,1502,24.5,40,48.6,44.93
2023,2,1,6,7,27.82,10.4,2885,2145,16.1,52.2,109.8,28.39
2023,2,0,7,4,22.46,53.3,3314.8,3641,19,70.8,78.3533,22.68
2023,2,0,7,3,22.55,38.1,4444,1702,15.9,41.9,98,22.67
2023,2,0,3,1,42.9,50.8,1029,2231,20.8,52.9,135.3,42.05
2023,2,0,3,1,46.33,79.4,3314.8,1854,23.4,69.7,83.4,48.69
2023,2,0,4,3,44.98,18.2,4129,1777,21.7,71.6,66.2,45.62
2023,2,0,0,0,47.84,40.4,2369,3326,22.6,41.5,112.4,46.42
2023,2,0,7,5,19.93,33.4,1742,3582,23.9,64.1,95.6,20.08
2023,2,0,3,4,39.73,20.4,4619,1937,17.7,67.7,98.1,38.1
2023,2,0,0,0,43.61,31.6,2460,3878,19,46.8,114,44.58
2023,2,0,4,5,38.1,65.4,2729,16876,18.8,74.9,81.7,39.84
2023,2,0,2,4,24.8,35.8,4643,2438,23.9,53.5,146.2,24.21
2023,2,0,0,0,45.5,40.6,1131,2865,18.3,58.9,46,43.86
2023,2,0,4,4,43.32,39.7,3486,2610,26.9907,65.6282,55.1,43.69
2023,2,0,3,4,40.61,71.9,4168,4189,16.7,50.3,138.3,41.5
2023,2,0,7,5,17.71,34.4,1595,2781.6,20.8,61.1,53,18.58
2023,2,0,3,0,35.66,79,4433,2994,22.2,50.2,28.4,36.04
2023,2,0,5,4,38.73,50.5,1871,1433,17.2,43.8,127.6,38.13
2023,2,0,2,3,24.3,18.1,1341,2749,20.4,47.5,75.6,25.06
2023,2,0,3,3,41.74,40.4,1061,1485,20.8,53.9,40.2,40.55
2023,2,0,4,0,36.24,23.3,3855,3069,22.3,49.3,45.8,35.45
2023,2,0,5,1,41.15,49.5,2338,2857,16.5,63.6,149.6,40.35
2023,2,0,0,6,49.51,24.8,1562,3930,18.3,40.3,113.3,50.75
2023,2,0,3,1,49.49,38.1,1271,1664,20.7,65.1,35.8,47.53
2023,2,0,6,6,33.31,65.8,1748,3625,23.6,48,109,31.92
2023,2,0,1,2,13.95,30.4,1260,1722,16.9,63,68.6,14.41
2023,2,0,4,5,35.23,14.8,4530,2781.6,24.4,59.9,88.9,35.57
2023,2,0,4,4,47.95,61.3,4705,1830,18.3,63.3,41.4,47.29
2023,3,2,3,1,37.49,145.087,3886,1615,36.2,57.7,97.1,38.36
2023,3,2,3,4,40.0763,87.6,3314.8,4152,31,47.1,47.9,34.54
2023,3,2,5,3,45.93,145.087,2808,2781.6,34.3,41,30.2,46.51
2023,3,2,2,0,35.9,100.1,4397,1302,33.3,68.9,135.4,36.01
2023,3,2,1,0,24.65,138.6,2625,4239,29.4,43.9,111.5,24.11
2023,3,2,6,5,39.59,145.8,2036,3203,34,70.7,142.8,39.95
2023,3,2,7,1,38.38,94.2,2234,3301,28.7,63.7,86.1,37.9
2023,3,2,3,1,41.3,80.9,3259,1626,28.3,49.4,146.6,40.74
2023,3,2,1,4,26.68,120.1,3664,3436,36.8,40.6,144.8,25.88
2023,3,2,2,0,37.73,132.8,2945,2186,30.9,43.6,86.5,36.98
2023,3,2,4,2,41.61,105.2,4508,1931,37.2,40.4,106.6,41.53
2023,3,2,0,5,55.1,62.1,3314.8,1812,32.7,69.1,69.4,56.78
2023,3,2,0,0,47.85,73.8,3740,2788,29.3,72.7,87.8,49.26
2023,3,2,0,2,51.66,81,2852,4487,26.9907,69.2,125.9,52.51
2023,3,2,7,1,33.18,83.2,1358,1100,35.9,59.5,88.4,34.73
2023,3,2,2,1,44.79,83.4,3765,2148,35.5,66.9,127.6,45.94
2023,3,2,5,4,51.85,69.5,4507,3044,29.3,66.3,89.2,52.41
2023,3,2,5,6,49.76,80.3,1857,3019,37.5,46.7,7.4,49.08
2023,3,2,3,7,30.8,114,1063,985,30.1,65.6282,139,29.55
2023,3,2,2,2,38.23,137.4,3415,2024,33.6,55.3,52.5,37.95
2023,3,2,5,1,50.72,135,1064,1648,26.9907,64.9,62.8,50.28
2023,3,2,0,1,69.62,107.9,4150,3216,28.4,49.1,134.6,71.68
2023,3,2,3,4,35.82,79.7,3349,2446,34.2,73.5,109.1,34.76
2023,3,2,3,7,32.29,50.6,4177,3849,37.1,67,11.4,31.33
2023,3,2,5,6,43,82,3314.8,1130,26.9907,64.3,107.4,44.61
2023,3,2,2,3,44.94,140.2,1734,1714,37.8,73.4,15,43.61
2023,3,2,3,3,33.15,73.1,2578,1576,34.6,60,142.4,34.2
2023,3,2,4,7,43.54,147.8,3181,3936,34.6,73.1,28.9,45.23
2023,3,2,0,0,50.37,131.7,2706,4354,35.7,66.2,128.2,52.36
2023,3,2,4,6,50.58,130.7,3679,1376,29.6,73.7,79.9,49.26
2023,3,2,6,1,45.17,124.3,4647,2503,35.9,42,94.5,43.76
2023,3,2,7,4,40.0763,57.8,4645,3298,26.9907,66,144.3,32.71
2023,3,2,6,4,40.64,62.8,4698,2030,26.9907,50.3,11.9,39.3
2023,3,2,6,1,50.65,117.5,2304,3209,37.1,64.4,92.8,49.31
2023,3,2,3,2,28.4,92.7,3833,2037,33.3,71,90,28.4
2023,3,2,6,5,35.51,54.2,1145,2834,34.5,55.1,49,108.31
2023,3,2,6,0,33.14,106.4,1252,4194,33.1,60,26.7,32.98
2023,3,2,6,2,37.7,83.1,4514,1190,37.2,48,135.7,36.27
2023,3,2,2,6,39.88,54.1,3244,1434,30.7,57.3,125.8,39.22
2023,3,2,0,0,52.99,121.9,4603,1316,33.4,47.5,79.2,52.88
2023,3,2,0,4,67.17,88.4,1077,4333,32.4,47.9,60,67.97
2023,3,2,4,1,51.63,112.1,1604,4358,30.9,52,121.6,49.97
2023,4,2,3,1,39.24,99.1,3503,1654,28.4,64.1,93.9,38.43
2023,4,2,4,3,47.81,58.6,2300,3221,28.2,45.9,6.5,47.21
2023,4,2,7,4,37.65,117.9,1241,2781.6,29.8,65,48.2,35.99
2023,4,2,4,0,44.36,76.9,1858,3864,31.1,74.5,78.3533,44.82
2023,4,2,4,5,46.57,96.1,2938,1848,32.4,72.3,141.3,45.38
2023,4,2,3,2,27.99,89.4,1541,2176,33.7,65.6282,78.3533,29.21
2023,4,2,1,4,24.62,84,2449,2425,31.9,69.6,111.8,25.56
2023,4,2,0,2,53.7,73.3,1204,3736,31.2,58.5,74,56.06
2023,4,2,4,5,48.13,134.6,1359,3150,34.1,74.8,114,46.18
2023,4,2,3,4,33.71,69.9,1100,989,32.8,69.7,15.6,34.59
2023,4,2,6,5,37.25,131.6,1721,1573,37.4,46.3,45.9,36.99
2023,4,2,0,1,40.0763,145.087,1698,2146,32.4,61.8,132.4,72.5
2023,4,3,2,2,39.71,100.4,3056,4107,28.2,67.9,74.2,38.65
2023,4,2,4,3,44.9,142,4561,1016,28.9,72.6,56.7,45.67
2023,4,2,6,3,46.27,70.6,3034,2859,34.7,45.8,48.4,44.87
2023,4,2,5,6,48.9,135.6,1803,1397,35.4,56.6,6.4,47.48
2023,4,2,0,1,66.52,145.5,3725,3185,28.4,47.4,119.8,64.65
2023,4,2,0,1,70.37,104,4910,1083,31.2,48.1,35.3,71.61
2023,4,2,7,3,40.0763,133,1910,1335,32,64,78.3533,30.42
2023,4,2,6,6,42.11,127.8,4405,2942,31.6,54.3,28.3,40.21
2023,4,2,2,3,46.03,103.3,2641,3218,34.2,59.2,146.2,46.43
2023,4,2,0,4,68.53,114.9,1946,2359,35.1,71.6,75.3,68.47
2023,4,2,6,7,33.66,85.4,2777,2781.6,36.7,65.6282,32.5,34.14
2023,4,2,0,5,49.79,129,1974,3211,29.7,41.8,112.5,50.68
2023,4,2,0,4,60.21,82.9,3509,4042,30.7,46,25,58.39
2023,4,2,6,6,42.07,113.5,4094,2668,30.5,54.3,44.3,40.1
2023,4,2,1,4,28.77,78.3,3314.8,2917,31.7,68.1,69.6,27.87
2023,4,2,1,7,25.73,61.7,1537,871,31.1,52.7,123.5,25.78
2023,4,2,3,7,33.28,126.7,38867,3281,35.5,44,123.8,32.93
2023,4,2,7,1,38.36,143.2,3248,2689,28.7,63.5,41.3,37.81
2023,4,3,5,2,42.76,139.5,2085,1173,31.9,53,60.3,42.16
2023,4,2,4,0,40.22,64.1,4933,4148,35.9,41.5,13.5,40.26
2023,5,2,1,3,28.9,102.4,4901,2863,29.7,49.6,145.3,28.08
2023,5,2,7,2,28.28,109.1,1416,3836,37.8,42.3,146.4,27.13
2023,5,2,6,0,38,51.2,1863,2354,31.3,61.4,42.7,37.69
2023,5,2,0,6,56.18,109.7,1968,2819,33,73.2,44,56.13
2023,5,2,3,2,32.34,77.9,3922,3937,30.7,67.6,98.4,32.08
2023,5,2,4,3,49.36,104.4,3027,3688,31.6,72,36.9,48.23
2023,5,2,2,5,35.38,73.5,2803,3462,37.5,40.7,126.3,34.47
2023,5,2,6,4,44.34,144.3,3049,3011,28.8,41.4,67.6,44.37
2023,5,2,6,1,42.33,65.1,3021,1689,31.1,68,149.7,43.01
2023,5,2,4,2,44.67,112.7,2065,4229,37.5,47.1,18.5,44.43
2023,5,2,2,4,44.83,105.3,4848,1139,37.7,46.4,123.9,42.83
2023,5,2,0,7,54.3,61.1,1155,4212,28.8,64.3,14.8,54.91
2023,5,2,4,0,40.97,144.2,1207,1488,32.3,65.4,76.9,39.3
2023,5,2,1,5,26.24,119.6,2037,2006,37.4,62.4,138.8,26.33
2023,5,3,1,0,22.64,145.087,1546,2781.6,33.9,51.5,45.9,23.4
2023,5,2,2,0,38.75,86.1,4189,3212,31.7,62.8,35.5,38.64
2023,5,2,2,3,40.3,61.7,2529,3640,31.9,60.9,88.3,41.8
2023,5,2,5,0,46.9,126,3133,4043,34.5,50.1,8.4,44.76
2023,5,2,3,0,30.2,122.9,2728,1104,30.6,62.7,28.7,30.05
2023,5,2,7,7,29.51,113.6,3310,2581,34.4,50.8,55.3,29.44
2023,5,2,5,2,48.24,61.1,4829,4039,30,62.2,47.4,46.12
2023,5,2,6,7,37.67,149.8,4637,2980,32.1,61.6,137.1,36.94
2023,5,2,7,6,30.41,90.9,4968,861,37.5,47.8,102.3,29.17
2023,5,2,1,7,26.12,119.5,4810,2543,32.5,54.8,123.9,25.8
2023,5,2,4,1,49.37,107,3722,1604,26.9907,53.1,43.1,49.64
2023,5,2,2,5,36.37,85.5,3896,2562,33,46.5,63.2,35.04
2023,5,2,0,5,58.95,95.3,2193,2397,32.5,47.2,132.2,58.28
2023,5,2,5,7,39.84,135.3,4980,2524,36.3,42,25,40.89
2023,5,2,7,0,30.92,55.4,1370,2066,29.4,52.1,62.4,30.04
2023,5,2,6,5,40.89,104.2,3628,2781.6,36.4,42.6,123.6,40.79
2023,5,2,6,5,36.88,144.9,3700,4372,35.4,56.9,57,35.23
2023,5,2,5,4,55.38,56.8,4437,3442,37.6,61.2,31.2,55.47
2023,5,2,5,5,43.09,106.1,2076,3859,37,54,36.8,42.73
2023,5,2,3,3,39.95,121.7,2156,4432,30.5,48.8,110.9,39.5
2023,5,2,4,6,40.0763,50.3,1239,4132,33.7,70,115.5,41.77
2023,5,2,4,5,43.03,77.5,2672,2781.6,28.6,65.6282,106.4,41.52
2023,5,2,0,4,65.73,57.1,2925,2781.6,36.4,68.6,125.1,67.82
2023,5,2,0,0,58.58,91.4,2684,2042,37.3,71.3,140.3,58.92
2023,5,2,6,3,44.36,74.1,4662,2687,28.3,63.2,70.6,45.79
2023,6,2,4,0,37.91,136.8,1739,4219,33.1,49.5,134.2,39.21
2023,6,2,1,2,23.68,66.8,1230,1193,32.7,73.1,22,24.03
2023,6,2,1,6,25.92,64.2,3039,926,35.4,74.1,57.1,26.6
2023,6,2,2,3,45.64,116.5,2677,2386,32,58.9,143.9,46.89
2023,6,2,1,6,23.82,74.1,3001,2039,37.5,62.8,59.4,23.38
2023,6,2,7,3,36.14,106.3,1413,4018,33.4,52,64.6,36.93
2023,6,2,7,7,30.09,145.087,3861,2026,35.2,55.5,98.5,30.18
2023,6,2,2,1,44.34,79.5,4770,1151,37.4,45,50.2,46.11
2023,6,2,0,0,50.02,58.8,4374,3511,32.8,43.4,35,49.4
2023,6,2,7,6,28.43,149.4,3353,1318,31.7,47.2,107.5,28.6
2023,6,2,4,0,47.49,144.9,1167,2362,30.6,61.9,66.8,45.94
2023,6,2,4,7,45.17,76.5,3552,3637,28.8,51.5,102.8,45.64
2023,6,2,4,4,55.43,60.1,4157,3010,36.8,41.3,53.8,53.63
2023,6,2,6,7,38.68,57.5,3013,2113,37.7,41.8,37.3,39.71
2023,6,2,0,2,52.04,109.1,2547,3326,35.7,50,13.9,51.14
2023,6,2,4,5,46.5,97.8,1281,2393,36.7,44.5,34.8,44.48
2023,6,2,1,2,21.5,94.3,3842,1645,34.7,49.6,113.2,21.75
2023,6,2,6,0,34.41,77.4,2130,1610,32.5,45.7,23.6,33.71
2023,6,3,1,5,23.65,101.9,1620,3839,34.7,52.8,139.1,22.94
2023,6,2,2,0,34.78,65.9,3108,2712,31.1,40.8,142.1,34.78
2023,6,2,4,6,49.97,76.7,4343,4040,28.6,74.9,36.8,47.97
2023,6,2,3,1,43.39,129.1,2865,2863,33.3,50.6,36.9,42.51
2023,6,2,7,0,26.28,69,2271,2873,33.6,66.5,83,25.76
2023,6,2,6,10,51.16,96.4,1567,4380,29.8,70.5,95.9,50.14
2023,6,2,4,5,40.0763,137,1465,2781.6,33,61.9,81.1,41.52
2023,6,2,7,5,31.46,54.4,2492,3570,37.7,61.4,114.1,30.78
2023,6,2,4,6,45.04,72.1,1771,4056,34.1,69.1,81.2,43.32
2023,6,2,0,4,63.31,62.4,3291,1148,34.2,60.2,12.7,65.32
2023,6,2,6,0,36.69,122.7,3314.8,2244,26.9907,62.4,119.8,36.27
2023,6,2,2,5,37.28,60.3,3350,3561,30.3,57.8,11.4,36.47
2023,6,2,2,2,37.42,64.2,1995,4058,30.6,51.6,105.6,37.49
2023,6,2,7,3,32.37,139.7,1377,2519,29.1,56.6,147.6,30.86
2023,6,2,2,5,38.56,100.1,3143,2333,37.3,62.7,131.3,39.04
2023,6,2,7,5,28.77,101.6,2940,3476,32.2,65.4,38.2,28.5
2023,6,2,0,7,58.37,55.8,2423,2752,29.5,63.9,14.5,56.3
2023,6,2,5,4,45.23,73.6,1832,2588,30.4,64,127.6,47.16
2023,6,2,7,6,32.98,130.6,3857,2269,28.3,64.5,142.4,31.67
2023,6,2,3,6,33.35,92.6,2913,2075,30,54.8,92.8,34.51
2023,6,2,7,1,34.85,92.4,4883,4387,35.1,49,87.9,35.01
2023,6,2,6,7,33.55,135.1,4812,4092,29.9,67.4,79,33.49
2023,6,2,1,6,23.98,111.8,2769,2675,34.6,64.4,18.9,24.26
2023,6,2,0,2,53.44,79.9,2597,4471,34.9,57,133.4,55.63
2023,6,2,4,5,41.37,90.5,2221,4378,36.7,58.4,102.1,40.51
2023,6,2,5,7,43.41,60.9,1204,3447,29.1,44,134.8,44.53
2023,7,4,7,5,22.28,331.5,3482,4415,31.2,80.5,93.3,22.68
2023,7,4,0,7,51.7,145.087,4732,2380,26.6,86.5,15.1,52.84
2023,7,4,4,3,57.88,248.2,3538,2956,27.5,89.9,16.5,59.35
2023,7,4,6,2,30.3,363,4737,4275,25.2,79.8,66.3,31.37
2023,7,4,7,1,29.46,299,1489,2159,31.6,84.4,142.6,30.72
2023,7,4,3,4,45.71,200.3,1098,2704,25.8,91.2,120.9,45.14
2023,7,4,4,3,58.37,272.3,4433,1651,28.4,70.5,15.7,59.01
2023,7,4,2,6,34.63,220.8,3032,1376,25.5,78.7,51.3,35.22
2023,7,4,2,3,35.32,244.7,4569,2057,31.2,79.3,89.9,35.6
2023,7,4,0,4,67.44,322.5,3442,1751,25.2,65.6282,78.3533,69.31
2023,7,4,0,7,61.68,291.3,3359,3644,27.8,90.9,41.6,62.08
2023,7,4,6,4,40.85,318.4,4526,1050,28.6,72,146.3,41.09
2023,7,4,5,4,47.18,229.7,3515,3336,29.5,82.5,133,46.63
2023,7,4,4,5,47.17,222.1,2865,3330,29.9,82.3,51.5,168.909
2023,7,4,1,4,24.26,356.8,4251,1780,25.8,82.5,91.1,24.27
2023,7,4,7,1,28.86,207.2,2065,1469,26.9907,65.6282,139.4,28.28
2023,7,4,4,3,53.62,369.7,4097,1732,29.4,84.8,92.2,55.49
2023,7,4,4,3,40.0763,270.9,2683,2712,25.4,86.3,78.3533,61.08
2023,7,4,4,7,48.13,242.4,3619,3245,25.4,78.3,148.4,45.96
2023,7,4,6,6,33.54,248.4,2087,1646,30.8,90.9,56.6,34.47
2023,7,4,1,2,18.23,145.087,3314.8,4062,29.6,84.8,20.5,18.94
2023,7,4,5,2,39.39,382.6,1447,4356,26.9907,72.1,23.1,38.86
2023,7,4,7,7,24.59,374.9,1717,2734,31.4,78.1,47.5,23.56
2023,7,4,2,4,33.34,225.4,3835,3129,26,91.3,71.5,34.88
2023,7,4,7,4,26.43,296.3,3543,2621,26,71.1,23.5,27.29
2023,7,4,1,1,25.91,210.4,4136,2345,28,80.7,25,25.41
2023,7,4,1,3,25.06,329.5,4720,1888,25.5,74.1,49.6,24.27
2023,7,5,3,1,44.9,299.7,2124,2525,28.2,85,90.7,46.68
2023,7,4,5,2,38.58,275.4,3008,897,27.3,82.1,61.4,38.61
2023,7,4,7,2,23.16,249.1,4024,1334,28.4,85.3,115.7,22.57
2023,7,4,6,3,41.01,396.4,3314.8,2393,27.2,78.1,96.2,40.28
2023,7,4,4,5,54.54,290.4,4680,3721,25.6,87,127.6,54.84
2023,7,4,7,4,26.39,287.9,1378,2806,27.5,89.3,80.8,26.78
2023,7,5,1,5,21.25,221.7,3214,3948,29.3,72.7,69,21.4
2023,7,4,4,0,47,295.1,3833,2714,27.3,84.5,144.6,46.54
2023,7,4,3,0,36.32,240,1065,2527,25.1,90.5,78.3533,38.12
2023,7,4,5,7,36.05,394.5,2631,2347,28.1,82.6,111.6,37.29
2023,7,4,7,1,28.83,283.6,3914,1834,30.3,91.2,86.3,27.74
2023,7,4,5,1,40.0763,389.8,2214,2396,31.8,92.3,78.3533,54.98
2023,7,4,7,4,24.93,340.3,1045,2323,30.5,72.8,101.6,26.08
2023,7,4,2,0,30.01,312.5,1906,3836,26.8,93.4,89,31.11
2023,7,4,8,4,66.84,336.5,4816,1340,27.9,88.4,8.1,67.01
2023,7,4,6,3,41.77,289.1,46753,2657,27.9,84.1,86,43.37
2023,7,4,2,2,29.39,231,3668,3197,31,80.6,58,30.13
2023,7,4,2,5,34.19,341.6,4121,2872,31.1,73.9,57.7,34.2
2023,7,4,1,5,21.85,201.3,1040,1102,28.9,73.6,68.9,22.17
2023,7,4,6,2,36.5,284.7,4060,1912,29.4,85.2,67.3,35.38
2023,8,4,6,4,40.36,370.5,1370,1445,27.1,87.6,92.5,39.16
2023,8,4,7,2,23.94,257,4082,3479,27.1,90,111.7,24.8
2023,8,4,6,4,43.32,213.8,4472,4059,29.7,73.5,48.9,42.08
2023,8,4,6,6,37.47,357.2,4103,2719,28.2,89.8,50.4,36.65
2023,8,4,6,7,37.74,206,1569,3165,27.1,88.4,77.5,36.38
2023,8,4,3,1,42.15,272.8,2236,4472,30.7,73.1,77.4,42.98
2023,8,4,6,7,33.39,330.4,2318,2781.6,28.6,91.5,148.9,32.71
2023,8,4,2,1,39.4,351.1,1475,1015,27.8,77.5,113.2,40.75
2023,8,4,0,4,68.8,211.1,1289,3041,27.7,80,30.8,65.83
2023,8,4,7,3,27.58,398.7,1119,1456,27.3,79.6,45.7,26.45
2023,8,4,5,5,44.71,376.2,4601,1800,26.1,90.8,107,45.3
2023,8,4,6,4,40.93,223.6,2144,3484,31.5,78.4,134.4,39.86
2023,8,4,5,0,41.65,329.6,1941,3121,30.9,75.4,78.3533,40.09
2023,8,4,3,6,37.93,258.1,2414,3554,30,94.4,30.8,39.38
2023,8,4,4,0,53.7,234.6,4382,4482,29,92.7,91.3,52.7
2023,8,4,2,1,38.03,379.8,2800,1304,27.6,81.1,112.9,36.8
2023,8,4,1,6,22.04,264.6,2161,2183,25.9,91.3,119.3,21.94
2023,8,4,2,2,34.97,373.6,3103,1631,26.3,76.9,28.8,34.02
2023,8,4,3,7,39.92,207.4,3018,3683,26.5,74.9,124.1,39.11
2023,8,4,2,7,34.52,240.1,4364,3152,31.3,87.9,88.6,33.11
2023,8,4,7,4,30.5,234.9,4962,2391,31.2,79.2,8,29.05
2023,8,4,5,5,46.41,382.9,3303,2490,28.9,73.4,40.2,44.34
2023,8,4,2,2,28.77,228.3,2008,3346,31.2,80.6,87.7,28.29
2023,8,4,3,4,39.99,264,3172,2732,27.1,85.2,87.8,41.64
2023,8,4,0,4,66.48,319.6,2868,4161,26.1,86.5,58.8,66.66
2023,8,4,7,5,25.33,264.6,4096,3398,25.1,89.1,76.4,24.91
2023,8,4,2,0,29.33,375.3,3704,2935,27.1,71.5,142.5,30.17
2023,8,4,5,7,44.53,323.4,2770,1399,26.3,90.5,100.3,43.93
2023,8,4,4,5,50.35,234.7,1626,3913,25.5,93.8,96.1,49.08
2023,8,4,5,6,46.39,232,2797,3386,30.7,86.1,119.5,47.25
2023,8,4,7,2,22.51,242.7,2642,4496,27.7,94.6,43.5,23.55
2023,8,4,3,7,37.71,378.1,2283,2892,27.7,73.7,51.6,36.33
2023,9,4,4,7,51.4,350.5,4568,3678,30.2,75.6,56.1,52.94
2023,9,4,8,2,59.96,336.2,3954,904,32,76.5,65.7,59.04
2023,9,4,4,3,65.01,145.087,3166,1688,31.7,74.3,114.3,63.64
2023,9,4,7,2,21.3,253.8,2099,2819,26.2,76.9,48.5,22.08
2023,9,4,2,2,31.13,357.2,2495,1266,26.4,94.9,31.1,29.84
2023,9,4,2,6,33.49,349.6,1472,3638,30.1,92,57.5,34.38
2023,9,4,4,1,57.3,299.7,1827,1421,29.5,76,110.2,58.02
2023,9,4,6,6,37.46,394.6,3048,3427,29.2,78.3,138.4,38.98
2023,9,4,4,4,63.96,248.8,2903,3134,27.7,70.7,128.4,63.26
2023,9,4,3,0,36.66,244.5,4798,3223,26.9907,65.6282,65.6,35.09
2023,9,4,5,6,45.8,347.6,2271,1018,27,77,86.9,46.36
2023,9,4,5,1,49.99,269.7,4345,1156,32,89.4,39.4,50.3
2023,9,4,5,3,45.16,320.2,3953,3288,31.6,70.7,127.8,46.15
2023,9,4,1,6,22.49,356.5,1422,3671,29.3,74.7,129,21.98
2023,9,4,5,5,45.99,221.6,4572,958,26.6,90.4,71.7,44.4
2023,9,5,2,7,32.77,331.8,2946,2909,26.3,94.7,143.8,33.06
2023,9,4,0,1,40.0763,351,3156,1219,30.5,71.1,46,78.26
2023,9,4,7,1,28.73,231.2,3847,2724,25.4,90.1,130.6,28
2023,9,4,0,7,65.86,310.9,1420,3713,31,77.1,115.7,63.66
2023,9,4,7,2,24.1,260.2,1350,2017,29.4,83.6,59.5,23.94
2023,9,4,4,0,56.01,339.3,3776,3959,27.3,85.9,133.2,54.95
2023,9,4,2,0,31.91,393.1,2133,2626,27.3,87.5,97,31.03
2023,9,4,7,1,27.68,357.8,3531,1911,29.6,70.2,61.4,28.98
2023,9,4,2,7,32.83,273.6,1236,3466,28,76.2,74.3,33.21
2023,9,4,3,7,37.96,259.2,2901,1005,26.2,71,47.1,39.54
2023,9,4,6,3,38.61,346.6,1071,4262,29.1,73.7,71.9,39.56
2023,9,4,7,0,25.49,316.1,3394,3329,25.5,70.7,111.3,24.68
2023,9,4,5,0,41.13,216.3,2724,2868,29,85.8,117,150.535
2023,9,4,2,4,38.07,266.1,2844,3665,26.9,70.9,25.3,39.01
2023,9,4,7,4,26.59,319.3,2415,3784,28.1,94.6,21.8,25.85
2023,9,4,6,4,42.8,369.2,1378,3398,26.9,70.1,116.8,43.13
2023,9,4,6,7,36.8,320.9,2378,2318,27.4,77.9,39.7,36.14
2023,9,5,4,7,50.75,238.6,4153,1931,27.5,89.4,73.7,49.7
2023,10,4,7,4,30.4,229.3,1254,3628,26.4,83.5,57,29.56
2023,10,4,0,4,77.74,237.6,3824,2634,32,71.1,86.7,75.4
2023,10,4,4,1,59.36,285.9,3145,1061,31.8,85.7,76.9,60.8
2023,10,4,0,5,62.79,333.5,1351,3536,28.8,94.3,90.5,63.79
2023,10,4,4,6,52.12,293.5,1128,1272,29.4,81.9,72.8,52.03
2023,10,4,5,4,46.46,344.3,2292,1289,31.7,87.3,32.8,45.36
2023,10,4,4,2,54.58,225,1867,2440,26.5,74.6,113.2,53.94
2023,10,4,7,6,24.93,219.6,4968,1710,25.7,93.1,30.5,25.24
2023,10,4,4,7,51.97,303.5,1178,4420,25.3,93,82.2,50.85
2023,10,4,5,1,54.84,320.8,4727,3223,29.6,79.2,30.4,53.56
2023,10,4,1,1,23.49,223.5,3116,2811,28.2,91.3,10.8,24.28
2023,10,4,3,2,35.54,220.3,4006,4175,26.9,75.1,118.9,34.24
2023,10,4,5,6,40.81,304,2406,4216,28,81.4,145.4,40.36
2023,10,4,5,7,38.69,326.1,1601,4368,25.3,72.9,10.6,38.24
2023,10,4,3,2,32.08,349.4,4431,813,28.9,72.9,72.6,32.7
2023,10,4,2,1,42.37,304.1,3147,1220,29.2,75.8,68.5,41.25
2023,10,4,2,7,32.29,254.5,1645,1920,31.7,84,19.8,33.59
2023,10,4,6,6,40.0763,356.7,1886,1174,29.3,73.6,73.9,34.58
2023,10,4,3,1,42.88,369.9,3773,3550,31.8,79.9,76.1,41
2023,10,4,4,6,55.22,383.5,4711,4499,27.1,75.2,40.4,57.33
2023,10,4,5,6,49.38,396.5,4158,1983,29.8,82.2,74.6,48.39
2023,10,4,7,5,25.83,145.087,1725,2781.6,30.2,74.2,102.4,26.84
2023,10,4,1,6,23.14,391.5,2303,4420,27.4,76.5,114.1,22.73
2023,10,4,7,4,32.65,307.5,4555,3987,29.1,88.1,104.8,31.28
2023,10,4,6,3,44.37,245.6,2230,3846,30.8,76.7,65.4,44.62
2023,10,4,0,6,64.55,318,3560,2103,27.8,80.9,35.6,63.21
2023,10,4,3,2,34.36,358.5,1117,1988,26.6,81.3,41,32.8
2023,10,4,5,4,49.36,287.2,1675,2092,28.4,93.8,85.6,48.22
2023,10,4,1,2,21.11,269.4,3743,3832,25.2,92.1,30.8,20.16
2023,10,4,1,7,21.83,247.5,3009,3309,31.9,85.9,74.5,22.39
2023,10,4,5,6,40.99,323.9,1232,3233,30.8,93.8,97.5,40.36
2023,10,4,4,3,64.75,220.8,3660,867,27.9,82.4,114,64.01
2023,10,4,6,3,41.92,202.2,2240,939,31.3,85.5,11.2,41.32
2023,10,4,5,4,51.91,249.8,2127,3576,27.2,81,146.7,51.59
2023,10,4,3,6,42.02,286.8,3164,4112,25.6,70.6,78.3533,40.84
2023,10,5,3,0,34.69,238,3314.8,3576,30.4,87,24.8,33.83
2023,10,4,4,3,62.08,301.4,2895,3177,30.5,92.4,70.2,61.74
2023,10,4,1,2,21.18,383.4,1528,2605,30.9,93.8,59.2,21.47
2023,10,4,6,7,31.07,394.6,3493,2781.6,26.1,83.8,85.1,31.9
2023,10,4,4,2,54.92,278.9,2413,3966,27,77.2,108.6,53.3
2023,10,4,4,2,53.3,364.2,1311,3071,28.3,78.8,134.7,51.1
2023,10,4,1,7,19.92,332.5,1474,1521,27.2,72.8,106.1,19.99
2023,10,4,3,5,40.11,355.1,1409,2047,27.3,82.3,55.9,38.93
2023,10,4,5,2,43.02,396,1998,2670,27.7,93,78.7,42.8
2023,10,4,0,5,65.67,213.6,4219,3664,27.2,91.3,136.2,64.31
2023,10,4,3,4,39.98,308.3,1427,1021,27.9,93.8,78.3533,40.6
2023,10,4,2,2,30.89,226.4,3209,4389,28.7,92.8,125.4,29.5
2023,10,4,2,3,39.69,215.1,4089,1724,30.1,94.5,145.3,38.31
2023,10,4,3,3,39.87,230.8,3314.8,2781.6,30.2,77.9,20.4,39.34
2023,11,0,6,3,40.19,21.1,2702,2783,18.4,45,129.9,40.33
2023,11,0,2,7,24.53,41.5,4308,1885,24.2,65.6282,78.3533,75.4534
2023,11,0,3,5,39.49,21.3,3314.8,3989,24.2,61,78.3533,37.89
2023,11,0,5,7,38.64,51.7,2383,2576,25,52,135.7,37.2
2023,11,0,7,2,22.5,62.7,1545,3427,16.4,58.6,6.2,21.44
2023,11,0,0,2,53.22,51.8,4263,829,16.9,70.9,68.4,52.96
2023,11,0,0,6,58.01,73.1,3314.8,1241,22.7,73.4,63.1,58.47
2023,11,0,3,4,40.12,36.2,1153,3985,15.9,57.7,120.9,41.35
2023,11,0,5,7,34.24,42.4,1109,4040,17.6,73.5,126,36.03
2023,11,0,1,2,14.95,76.5,2052,3755,26.9907,69.3,67.8,14.72
2023,11,0,7,7,21.28,31.9,2593,2796,20.7,57.2,85.3,20.73
2023,11,0,5,7,32,20,4210,20712,24.4,50.7,46.1,32.25
2023,11,0,5,2,36.15,69.6,2880,1832,18,58.2,95.4,37.2
2023,11,0,4,0,40.0763,47.7,1153,2687,26.9907,58,66.1,37.03
2023,11,0,4,3,47.21,31.9,3036,3419,18.8,49.3,107.6,48.74
2023,11,0,7,2,21.69,74.6,4636,3681,21.9,62.4,141.4,21.12
2023,11,0,6,4,37.26,18.2,1538,1630,22.7,40.4,77.2,39.21
2023,11,0,2,6,23.76,21.8,3090,3393,20.1,71.7,55.7,24.71
2023,11,0,2,2,22.38,11.6,2122,2679,17.6,63,73.4,23.07
2023,11,0,6,4,37.51,50.4,2356,3660,16.3,51.3,96.7,38.69
2023,11,0,3,4,42.6,57,2228,2672,22.5,42.5,71.5,43.4
2023,11,0,4,0,37.78,18.3,2121,2793,23.9,50.1,138.1,38.01
2023,11,0,5,0,33.66,64.1,4542,2781.6,26.9907,70.4,72,32.6
2023,11,0,2,0,22.72,54.3,4383,3773,17.4,59.1,59.4,23.13
2023,11,0,1,5,15.89,27.2,1907,3717,19.4,69.4,24.5,15.52
2023,11,0,4,4,50.28,145.087,2938,1278,24.4,65.6282,106.1,50.31
2023,11,0,1,2,14.22,52.3,1317,1906,16.1,59.2,14.6,14.77
2023,11,0,7,2,40.0763,49.8,2496,3037,22.6,73.4,116.7,21.87
2023,11,0,4,2,38.35,60.6,2845,2781.6,21.3,62.4,88.9,37.03
2023,11,1,6,0,35.12,43.6,3046,2029,18.1,75,32.6,34.22
2023,11,0,6,5,32.41,51.2,4869,3966,18,51.9,86.8,33.77
2023,11,0,5,2,33.88,55.4,2263,1871,23.8,56.3,121.4,34.36
2023,11,0,1,5,16.54,145.087,3690,2781.6,22.8,44.3,51.2,16.75
2023,11,0,0,1,57.33,59.3,1580,3971,20.3,52.8,15.5,59.65
2023,11,0,5,5,38.15,29.4,1255,2367,25,49,122.9,38.58
2023,11,0,0,1,69.89,60,3034,1061,16.4,43.6,28.7,67.03
2023,11,0,4,7,36.17,76.9,1285,3250,23.1,67,59.9,37.64
2023,11,0,6,6,34.76,38,3509,4052,19.3,72.6,140,36.28
2023,12,0,1,3,18.72,40.6,4905,4267,17.4,72.4,21.8,19.22
2023,12,0,2,7,23.4,15.2,1830,1357,20.8,45.4,28.8,22.76
2023,12,0,4,7,35.59,24,3309,4013,21.2,56.2,90.8,36.3
2023,12,0,4,0,39.51,52.3,1870,3676,16.1,55.9,84,38.58
2023,12,0,0,6,56.93,66.4,3309,3298,22.7,41.2,147.3,55.8
2023,12,0,1,7,16.22,38.4,1755,1563,19.3,41,94,16
2023,12,0,7,1,26.21,33.7,3632,1517,21.8,74.3,74.4,25.37
2023,12,0,5,1,42.77,23.3,4037,1280,22.5,72,105.9,41.74
2023,12,0,0,4,59.73,28.9,4875,3308,22.9,67.6,16.7,59.48
2023,12,0,5,0,33.92,49,4317,1855,19.1,52.3,103.5,34.46
2023,12,1,0,5,59.68,71.7,1699,2781.6,15.1,52.3,73.7,58.17
2023,12,0,4,2,35.5,38.7,4745,1919,20.6,64.9,78.3533,35.81
2023,12,0,0,7,51.23,54.8,1952,2862,24.9,48.1,94.4,50.79
2023,12,0,5,7,37.54,45.9,4182,1103,18.1,72.4,67.8,36.78
2023,12,0,5,0,33.84,21,4885,2589,24.6,62.7,30.3,32.88
2023,12,0,1,7,14.84,39.9,1211,2046,18.6,73,108.2,15.44
2023,12,0,1,2,17.05,15,1663,2207,18.2,50.2,43.8,17.53
2023,12,0,3,7,36,31.7,4183,3683,26.9907,54.4,6.5,34.77
2023,12,0,3,3,41.3,43.8,2084,1672,21.3,53.8,138.8,43.46
2023,12,0,6,3,41.27,11.4,30035,1049,15.6,53.1,29.4,39.37
2023,12,0,5,4,41.04,46.2,1782,1150,19.1,59.4,39.8,42.13
2023,12,0,4,4,51.37,66.9,3354,1824,24.7,59.7,116.6,50.39
2023,12,0,0,0,40.0763,26.6,1298,3977,19.4,43.3,69.7,51.71
2023,12,0,3,7,40.37,33,4743,2781.6,24.2,61.3,5.6,41.9
2023,12,0,6,5,31.25,35.2,4505,2564,22.1,63.9,39.7,32.76
2023,12,0,4,5,42.47,145.087,4969,2687,18.3,63.3,93.8,41.92
2023,12,0,7,4,23.07,67,1910,2781.6,16.4,47.9,23.2,22.28
2023,12,0,3,7,42.94,57,3077,2029,23.4,65.6282,31.3,41.51
2023,12,0,5,7,39.55,19.7,3467,3667,20.1,69.5,84.4,38.08
2023,12,0,3,2,39.14,12.3,3974,1414,25,42.7,16.2,39.61
2023,12,0,3,1,40.0763,77.5,3762,2781.6,24,46.1,58.2,48.51
2023,12,0,3,1,50.21,77.8,2030,1952,15.6,42.2,54.9,48.96
2023,12,0,1,3,20.07,31.9,3508,992,22,55.9,128.1,20.29
2023,12,0,1,5,17.24,36,2423,3942,23.1,66.3,76.7,17.61
2023,12,0,7,1,27.72,69.9,4156,3544,19.2,61.6,132.1,28.15
2023,12,0,1,3,19.35,55.1,1637,4217,22.5,65.1,134.5,18.98
2023,12,0,6,1,39.97,77.4,4109,1155,20.4,42.9,110,40.07
2023,12,0,6,2,34.52,72.6,3186,1971,19.2,40.4,20.4,33.26
2023,12,0,1,2,40.0763,11.6,4986,1962,19.9,48.2,138.6,18.06
2023,12,1,0,1,62.78,51.8,3314.8,3479,17.9,65.6282,20.6,61.72
2023,12,0,1,5,19.42,26.6,1665,4076,23.8,40.9,111.8,18.83
2023,12,0,7,7,21.72,11.4,3884,1628,22.2,50.3,59.2,22.37
2023,12,0,2,3,26.41,70.9,2645,3770,24.3,40.9,22.8,25.55
2024,1,0,3,5,37.12,61.4,2206,1321,15,64.6,88.1,38.36
2024,1,0,7,6,20.64,53.4,4686,1592,19.5,61.6,49.3,21.02
2024,1,0,2,3,28.01,62.6,3017,2440,20.2,62.5,62.4,27.88
2024,1,0,5,5,33.73,31.6,2404,2781.6,15.1,60.5,103.4,34.18
2024,1,0,5,7,37.62,22.3,3484,1135,23.6,44.9,83.1,36.38
2024,1,0,2,4,26.2,54.3,4927,3450,20.3,73.6,16.7,27.32
2024,1,0,4,0,40.08,44.3,4626,2389,20.6,54.8,114.7,40.17
2024,1,0,3,1,40.0763,16.1,2130,3993,21.7,54.2,34,52.15
2024,1,0,1,5,15.83,71.1,1514,1350,21.5,45,133.3,16.64
2024,1,0,1,0,15.33,30.4,3617,1114,22.7,46.4,18.7,15.31
2024,1,0,5,1,40.64,44.6,2576,1961,22.4,64,127,40.82
2024,1,0,3,3,42.9,26,2185,1126,23.7,53.3,70.7,41.43
2024,1,0,4,7,41.71,76.2,1177,3778,23.7,58.3,71.4,40.56
2024,1,0,4,6,43.58,33.1,1464,2772,19.8,60.7,98.9,42.83
2024,1,0,5,4,42.54,66.7,3490,850,20.7,51.2,43.4,44.2
2024,1,0,5,3,43,41.5,3314.8,1945,21.2,61.4,78.3533,41.65
2024,1,0,6,2,29.26,69.8,1512,3780,17.5,66,113.7,30.06
2024,1,0,6,0,33.41,11.5,4960,3281,22.4,68,12.9,35.04
2024,1,0,6,3,35.68,56.1,1008,2198,21.3,68,84.4,36.2
2024,1,0,1,4,18.89,10.7,3143,4139,16.4,50,82.6,18.41
2024,1,0,2,6,24.02,74.3,1975,1750,15.1,54.5,114.1,25.04
2024,1,0,6,7,32.92,10.2,4170,4269,22.3,56,101.3,32.17
2024,1,0,4,2,38.77,29.5,3282,3675,15.7,49.2,142.6,39.07
2024,1,0,3,1,48.77,46.3,4241,2279,24.2,70.9,10.8,49.32
2024,1,0,4,6,37.91,36.4,3477,3269,15.7,68.2,90.2,39.74
2024,1,0,3,2,38.77,22.8,2449,4070,17.9,73.3,80.5,38.89
2024,1,0,7,4,23.79,34.8,4052,2091,19.3,53.8,65.5,23.91
2024,1,0,5,1,41.98,29.9,4916,1481,16.6,58.7,31.4,41.49
2024,1,0,4,4,48.24,11.6,4155,943,18,49.2,139.9,46.39
2024,1,0,7,4,22.92,69.2,1515,2450,19.6,66.7,80.1,22.54
2024,1,0,5,0,32.25,11.8,1116,4440,22.3,45.1,64.1,32.35
2024,1,0,5,4,44.1,43.7,2377,1932,23.6,49.1,108.1,43.49
2024,1,0,5,6,37.82,42.9,3223,3471,24,73.5,131.2,38
2024,1,0,2,7,25.98,22.6,1041,1531,21.3,69.9,22,25.57
2024,1,0,2,5,24.84,47.3,3237,2251,23.7,63.8,121.5,24.41
2024,1,0,1,3,21.24,56.3,3208,1344,18.5,46.2,82.9,20.92
2024,1,0,4,7,44.67,43.5,2641,2988,24.2,64.2,83.8,44.64
2024,1,0,7,0,19.65,15.9,4078,1144,20.2,48.1,11,20.06
2024,1,0,1,5,40.0763,71.4,4530,1147,20,64.6,111.2,18.54
2024,1,0,3,4,42.34,53.8,3116,3931,21.1,64.3,44.4,41.11
2024,1,0,5,1,43.27,75.4,3569,894,20.8,43.6,71.6,42.68
2024,1,0,3,7,40.08,76,2382,1854,19.9,65.3,112.2,39.05
2024,1,0,4,0,44.02,52.3,4305,977,20.4,74.1,59.9,43.03
2024,1,0,1,6,16.64,145.087,3314.8,1256,22.4,72.8,113,17.35
2024,1,0,6,6,34.77,11.1,4275,3595,15.9,48.7,83.7,33.27
2024,1,0,3,2,36.94,20.7,4975,2079,18.3,59,78.3533,35.49
2024,1,0,7,5,24.67,70,3264,4089,22.4,54.7,51.7,23.69
2024,1,0,7,2,21.02,13.1,1699,2172,21.6,45.3,131,20.88
2024,1,0,5,0,37.66,58,3190,4351,19.4,40.3,144.3,38.68
2024,1,0,5,6,35.53,24.8,2240,1407,17.6,65.2,113.1,35.23
2024,1,0,6,2,33.96,65.8,1463,1342,15.6,73,28.1,33.31
2024,1,0,5,6,41.72,145.087,4589,2781.6,22.2,41.1,77.2,40.56
2024,1,1,7,7,22.96,18.8,4954,3217,16,69.6,19.5,23.35
2024,1,0,1,2,18.27,16.9,2070,2037,16.7,55.3,132,18.09
2024,2,0,5,5,34.52,51.8,1120,4469,17.8,68.3,73.4,33.48
2024,2,0,2,7,26.43,52.1,1676,2813,21,67.8,101.7,26.48
2024,2,0,0,2,50.08,76,2223,3886,23.9,69.3,83,50.64
2024,2,0,7,3,27.17,65.5,1516,1437,15.1,64,12.5,27.6
2024,2,0,6,1,38.67,32.4,4369,2620,23.5,57.5,82.2,40.07
2024,2,0,1,6,20,14.5,2582,1571,18.3,73.7,97.7,20.05
2024,2,0,3,4,41.14,45.1,1370,2425,15.1,48.4,144.8,41.71
2024,2,0,3,6,40.28,28.6,2761,2124,20.8,43.9,65,39.55
2024,2,0,5,3,37.75,11,1458,4142,24.7,70.1,35.3,39.67
2024,2,0,2,2,23.13,54.9,3409,1091,15.4,72.3,60.8,23.34
2024,2,0,6,5,38.61,77.3,4793,1985,15.1,59.9,20.6,37.21
2024,2,0,5,2,34.7,38.2,3623,2997,16.5,42.9,16.5,34.57
2024,2,0,0,0,50.73,74.9,3577,3460,22.9,43.6,127.8,51.04
2024,2,0,7,0,20.45,17.4,1990,2710,19.5,44.9,12.3,21.25
2024,2,0,3,6,46.05,51.3,1510,1180,20.1,60.2,79.9,43.99
2024,2,0,7,6,22.84,59.9,3328,1597,22.3,67.4,57.7,21.86
2024,2,0,0,4,67.96,75,2746,872,15.9,41.8,64.1,67.18
2024,2,0,1,3,19.39,73.7,1301,4483,21.1,42.3,44.9,20.24
2024,2,0,3,4,42.04,72.8,4679,2178,21.2,74.8,11.6,41.66
2024,2,0,6,6,33.67,44.5,2686,2075,23.3,41.3,104.9,32.88
2024,2,0,0,6,51,78.9,1865,3806,20,44.3,108.1,53.56
2024,2,0,0,0,49.66,76.3,2884,4207,18.6,55.3,20.4,48.74
2024,2,0,6,4,36.18,41.8,1500,1826,17.3,73,9.3,36.22
2024,2,0,2,0,23.9,43.7,3474,827,16.4,45.8,16.2,23.9
2024,2,0,0,2,51.55,47.5,4326,2971,20.2,60.5,108.5,51.61
2024,2,1,6,0,34.67,46.1,1651,1068,20.1,44.7,128.4,35.34
2024,2,0,7,0,23.34,145.087,1216,3716,20.9,65.6282,15.3,22.76
2024,2,0,5,1,48.32,25.2,2821,1767,16,64,83.9,46.66
2024,2,0,4,0,38.45,61.1,4731,3783,20,69.1,87.7,37.91
2024,2,0,6,2,30.14,43.4,1551,3804,26.9907,72.1,140.8,31.13
2024,2,0,0,0,54.33,21.7,3562,2732,24.5,40.8,92.2,53.35
2024,2,0,6,5,31.22,45.4,2893,909,21.9,66.2,60.3,32.61
2024,2,0,3,11,48.22,145.087,2753,4404,26.9907,62.8,103,47.65
2024,2,0,2,0,24.04,56.6,3171,4248,19.6,59.9,135.3,23.92
2024,2,0,3,2,38.98,52.8,2931,4375,22.3,64.7,80.2,37.67
2024,2,0,3,2,38.79,15.1,3396,2784,19.4,47.6,93.4,40.6
2024,2,0,5,4,43.08,28,3462,1767,16.1,46.7,40.6,43.49
2024,2,0,2,7,23.32,61.1,2280,2548,17.5,73.4,104.6,23.77
2024,2,0,6,2,32.47,36.3,4394,2763,20.8,66.5,37.7,31.56
2024,2,0,6,5,33.7,48.8,2039,2056,22.7,53.9,25,33.44
2024,2,0,2,5,26.07,55.8,2007,2369,20,58.7,82.2,26.28
2024,2,0,2,4,30.24,29.8,2222,4230,25,57.1,26.5,29.98
2024,3,3,7,0,28.94,93.9,4791,3183,29,69.7,93.8,147.169
2024,3,2,0,6,64.8,97.4,2174,2868,30.7,65,65.2,67
2024,3,2,7,7,33.69,114.5,1116,1288,32.9,74,91.8,32.82
2024,3,2,6,6,42.58,57.9,4697,4297,33,71.5,121.1,41.69
2024,3,2,6,1,50.32,64.2,2146,1181,30.3,69.6,64.9,52.73
2024,3,2,3,6,38.95,130.2,4255,879,35.8,52.6,84,37.13
2024,3,2,7,3,34.86,140.2,3456,959,33.3,66.3,18.5,33.59
2024,3,2,3,3,37.19,50.3,4484,870,32.7,44.7,21,37.71
2024,3,3,7,4,36.09,137.4,1308,2615,36.6,43.4,99.6,35.01
2024,3,2,1,0,22.5,84.6,2071,3062,30.8,42.9,70.2,23.21
2024,3,2,1,3,26.73,92.5,1532,2750,28.8,63.7,63.4,27.51
2024,3,2,1,4,29.59,52.3,4216,931,29.5,73.3,52.9,28.39
2024,3,2,1,4,31.33,76.8,3982,1696,36.2,50.8,64.4,31.84
2024,3,2,4,1,57.37,147.3,3770,1718,35.1,72.6,81.5,56.54
2024,3,2,5,0,42.98,125.7,4905,1386,37.5,70.9,111,45.04
2024,3,2,6,1,54.32,144.2,3749,2361,31.2,54.6,26.6,52.81
2024,3,2,0,3,68.48,145.2,4819,3576,37.9,58.7,66.5,69.97
2024,3,2,3,3,42.44,130.2,4846,3581,28.1,63.6,102.5,43.01
2024,3,2,2,4,42.73,84.9,2716,2772,34.9,45.6,106,42.83
2024,3,2,5,1,57.22,124,42589,3924,30.1,63.1,27.8,58.94
2024,3,2,0,4,64.19,77.3,4122,2065,31.5,46.3,25.8,61.59
2024,3,2,4,1,52.2,72.2,4059,2924,34.9,47.7,59.2,51.9
2024,3,2,0,6,55.48,129.3,3103,3229,29.2,48.9,14.6,58.04
2024,3,2,7,5,29.34,120.4,1811,2792,37.5,55.8,123.1,30.3
2024,3,2,3,5,33.54,93.1,2366,1017,31.7,41.7,60.5,33.74
2024,3,2,4,0,48.28,105.6,3402,3100,34.7,54.4,131.7,47.98
2024,3,2,1,0,25.77,81.7,2566,901,30.3,62.6,78.3533,26.62
2024,3,2,6,4,42.31,63.7,2140,3796,37.7,68.1,112.9,41.61
2024,3,2,0,3,72.58,80.4,1663,2121,30.3,73.2,80.2,69.56
2024,3,2,0,6,62.45,64.8,1616,3857,31,55.2,51.2,61.31
2024,3,2,4,3,48.62,142.4,4255,1576,31.8,53.1,91.9,50.17
2024,3,2,2,3,49.25,111.1,3090,2455,36.5,42.2,135.7,47.6
2024,3,2,0,6,62.09,57,3720,2152,34.6,44.4,135.5,61.33
2024,3,2,1,1,40.0763,77.3,1119,1858,30.8,59.3,78.3533,29.51
2024,3,2,4,6,40.0763,138.5,4811,909,32,53.1,61,52.25
2024,3,2,0,5,54.09,127.9,2500,2283,33.7,61.2,103.5,54.73
2024,3,2,6,0,42.68,138.8,2751,2458,34.1,68.9,109.4,41.53
2024,3,2,4,5,49.9,148.1,2737,1677,32.1,66.6,50.6,49.83
2024,3,2,6,1,40.0763,131.3,3314.8,3849,34.7,40.9,87.2,52.63
2024,3,2,0,3,67.28,81.4,3885,4356,35.7,60.2,86.9,66.1
2024,3,2,7,5,34.54,94.5,3548,958,36.9,67.8,22.4,33.1
2024,3,2,2,4,48.94,92.4,2024,2671,30,53.5,75.1,47.31
2024,3,2,2,0,38.81,92.8,2722,2480,26.9907,40.9,116.2,38.96
2024,3,2,0,6,63.27,122.5,1179,3129,29.5,70.1,41.4,66.5
2024,3,2,6,5,35.89,53.1,4117,1703,30.7,58.8,29.4,36.65
2024,3,2,1,7,24.15,130.6,3314.8,4477,37,44.9,90.1,24.34
2024,4,2,0,7,55.51,114,4821,954,30.7,64.5,136.2,54.61
2024,4,2,1,3,27.51,85.4,1381,3245,31.2,53.5,47.3,27.24
2024,4,2,7,5,33.87,130.8,1516,974,37.9,55.2,149.6,34.13
2024,4,2,7,4,33.65,52.5,4813,2845,37.5,72.5,27.6,32.77
2024,4,2,7,3,36.32,136.9,1931,1780,34.8,40.8,98.2,38.01
2024,4,3,7,0,40.0763,114.8,2391,2659,26.9907,68.7,67.7,27.64
2024,4,2,6,2,32.5,53.5,2165,3240,29.4,71.2,6,34.15
2024,4,2,0,2,58.78,138.3,3538,4309,34.2,51.2,14.2,59.59
2024,4,2,7,1,38.76,101.6,1764,3162,34.6,68.8,141,38.76
2024,4,2,6,3,45.2,70.3,4875,4330,30.7,66.1,60.4,43.83
2024,4,2,0,7,54.04,50.4,1913,3639,34.2,48.4,111.5,55.54
2024,4,2,9,4,63.1,129.1,4628,971,31.1,53.9,123.2,64.29
2024,4,2,7,0,31.91,68,1331,2797,37.9,51,13.4,32.45
2024,4,2,0,1,68.38,102.9,2366,2806,29.6,52.1,56,69.12
2024,4,2,7,5,29.98,98.2,4675,1393,36,46.8,99.4,30.88
2024,4,2,0,0,56.85,83.4,3121,3972,36.7,69.5,75.2,55.93
2024,4,2,5,1,63.61,85.8,3314.8,4326,31.5,64.7,61.6,63.59
2024,4,2,7,2,28.01,102.2,3664,1906,37.2,67.1,72.4,27.69
2024,4,2,6,7,37.76,99.8,2294,1286,35.5,40.6,78.3533,36.03
2024,4,2,0,7,57.07,56.8,28134,4030,34.8,48,50.8,54.38
2024,4,2,7,1,35.44,82.7,2862,2138,36.8,49.7,142.9,36.03
2024,4,2,2,2,36.85,139.9,2852,2781.6,35.5,65.6282,8.5,38.22
2024,4,2,4,0,44.95,114.2,4686,4151,28.9,65.6,138,45.11
2024,4,2,3,0,35.21,122,4491,1354,35.2,56.6,51.1,36.43
2024,4,2,1,4,29.24,94.5,1047,1291,29.2,62.4,136.7,30.41
2024,4,2,0,6,68.44,62.1,1546,4082,33.3,59.6,51,68.68
2024,4,2,5,0,42.46,58.2,3062,866,34.6,46.3,31.4,44.17
2024,4,2,0,0,55.54,134.4,1892,2473,37.4,49.7,93.5,58.11
2024,4,2,7,3,33.58,103,1580,1866,28.4,44.5,131.4,34.92
2024,4,2,6,0,38.3,90.5,3314.8,1475,26.9907,54.8,44.1,40.09
2024,4,2,3,7,32.23,69.9,4979,3683,34,72.6,25.3,33.03
2024,4,2,6,7,38,146.5,2034,4329,36.2,54,15.7,38.08
2024,4,2,3,0,35.75,107,2804,2691,35.8,57.6,65.7,34.81
2024,4,2,2,2,36.19,147.8,2206,1984,35,60.9,49.1,37.43
2024,4,2,7,0,32.81,89.8,1869,3721,32.2,60.9,15.6,33.2
2024,4,2,2,2,36.65,117,4513,1458,34.9,50.1,142.1,37.28
2024,4,2,4,5,47.1,125.1,3642,3876,33,56.2,51.7,47.06
2024,4,2,7,3,37.77,77.4,3158,2494,35,61.4,20.8,37.68
2024,4,2,2,1,46.54,100.5,3314.8,2039,34.7,44.6,134.4,44.42
2024,4,2,1,6,30.35,116.8,4405,2698,35.6,43.4,23.6,29.74
2024,4,2,4,5,41.95,105,4805,1446,37.4,70.7,74.2,42.34
2024,4,2,0,1,75.14,102.4,1340,1225,29.6,62.9,133.4,76.97
2024,4,2,2,0,37.49,139.4,4067,4203,30.9,53.5,28.6,36.8
2024,5,2,7,1,39.39,131.1,4429,2206,28.8,62.6,10.7,37.58
2024,5,2,4,7,45.89,95.2,1275,2029,35.1,65.6282,54.7,48.08
2024,5,2,6,4,43.23,60,3411,2819,30.8,53.5,121,43.81
2024,5,2,7,7,32.38,110.6,2703,3675,32.7,58.8,101.3,32.22
2024,5,2,4,3,53.05,146,2140,1392,37.9,46.4,60.8,55.32
2024,5,2,0,7,63.16,100,2439,927,32.7,67.9,114.2,64.74
2024,5,2,3,6,38.11,77.1,3302,3651,29.1,65.6282,39.7,39
2024,5,2,5,3,55.99,105,4276,3592,31.2,66.8,132.9,54.82
2024,5,2,6,4,47.37,50.6,4972,979,37.5,51.4,111.1,46.64
2024,5,2,5,3,60.18,68.1,2983,3440,31,44.4,52.2,58.98
2024,5,2,2,6,39.97,117.2,4714,1252,34.7,45.2,18.1,38.67
2024,5,2,0,4,76.34,92.2,1669,2431,36.3,56.3,17,74.97
2024,5,2,5,2,48.91,81.6,3152,3155,31.5,44.5,86.6,46.6
2024,5,2,5,0,44.07,137.2,4367,2914,29.3,65.4,71.6,189.399
2024,5,2,4,3,57.83,122.1,3427,3174,30,63.7,52.2,58.85
2024,5,2,5,6,53.28,58.9,3997,3271,36.7,48.4,128.2,50.94
2024,5,2,3,4,39.78,52.9,2376,2781.6,32,45.8,72.8,39.08
2024,5,2,0,3,67.96,118.4,2177,1731,32.3,43.4,96.9,66.32
2024,5,2,4,0,44.53,109.1,3161,2905,35.6,50.9,70.8,42.99
2024,5,2,1,6,25.85,76.8,1881,4444,32.1,59.7,51.9,24.97
2024,5,2,2,2,40.95,108.7,2425,2241,34.2,68.5,107.4,39.58
2024,5,2,4,0,48,136.5,3259,1910,37,46,142.2,47.49
2024,5,2,6,2,35.88,122.8,4327,4016,30.3,53.5,104.9,37.49
2024,5,2,6,7,41.63,123.7,2179,3447,32.6,64.5,108.2,40.1
2024,5,2,6,2,43.23,83.3,2730,4391,26.9907,65.6282,42.8,41.49
2024,5,2,0,0,56.82,91.5,4521,2962,30.6,44,19.4,57.88
2024,5,2,5,5,46.78,59,1952,3264,33.3,40,138.1,48.13
2024,5,2,7,2,28.63,111.1,1768,1294,31.9,56,118.3,27.45
2024,5,2,3,6,35.78,97.6,2679,2609,34,48.6,84.4,37.35
2024,5,2,7,6,34.39,106.6,3795,3269,28.7,44.5,14.4,34.17
2024,5,2,3,7,35.02,144.8,3314.8,1215,29.3,65.6282,92.8,36.24
2024,5,2,6,4,47.35,113.8,4238,3191,30.1,71.3,70.6,46.65
2024,5,2,0,2,63.1,86.5,2035,1586,37.8,71.6,8.4,63.02
2024,5,2,1,2,27.87,75,1810,3614,35.2,73.7,19.9,26.94
2024,5,3,6,4,44.09,130.9,3314.8,2781.6,35.6,74.7,132.6,46.32
2024,5,2,7,7,32.13,102.3,2186,3355,29.6,57,14.4,31.94
2024,5,2,2,4,46.97,121.1,1312,4031,37.3,45.2,100.1,49.43
2024,5,2,2,3,46.25,124.2,2786,876,28.8,51,67.2,46.44
2024,5,2,0,1,66.76,121.4,4293,2740,29.5,71.3,25.3,66.63
2024,5,2,5,2,47.23,145.087,3314.8,1254,37.4,74.5,99.7,46.84
2024,5,2,5,1,62.89,137.9,4647,4137,37.4,73.2,37.7,59.95
2024,5,2,1,7,27.09,124.4,2944,2643,30.5,62.3,116,27.76
2024,6,2,0,2,60.29,54.4,2584,2329,28.2,67.6,55,61.81
2024,6,2,6,7,36.25,56.6,2769,3556,37.3,55.5,97.5,36.97
2024,6,2,4,1,58.26,130.6,1438,1795,31.7,45.4,121.2,272.182
2024,6,2,5,5,51.03,84.3,2857,3243,30.3,53.5,20.7,50.57
2024,6,2,5,2,44.6,107.7,1221,2953,32.8,58.9,77.9,43.3
2024,6,2,4,6,47.74,107,3314.8,2781.6,28.7,54.9,46,46.89
2024,6,3,4,0,40.0763,145.087,3558,1648,32,55,38.7,44.23
2024,6,2,4,6,40.0763,53.3,1642,3089,26.9907,61.1,64.2,49.41
2024,6,2,6,2,34.89,78.2,1497,4354,31.7,71.1,104.5,34.93
2024,6,2,7,7,27.69,139.5,3620,4290,34.3,65.2,140.8,28.68
2024,6,2,4,3,52.76,90.2,4163,1473,31.9,41.3,138.8,53.11
2024,6,2,5,3,56.8,57.9,3467,4168,30.9,43.6,52.5,58.67
2024,6,2,5,0,46.67,51.9,3314.8,3607,37.2,67.9,14.6,47.47
2024,6,2,4,2,47.23,74.9,2416,3518,31.8,69.4,86,46.41
2024,6,2,5,6,55.58,52.3,4972,3638,34.1,65.6282,78.3533,54.61
2024,6,2,7,2,34.38,147.6,1594,3487,37.2,51.1,85.8,32.95
2024,6,2,6,1,47.14,87.3,1601,3295,34.4,70.9,60.4,44.99
2024,6,2,5,3,58.74,145.087,2478,1534,35.1,65.6282,11.6,59.92
2024,6,2,5,7,52.72,73.8,1500,3966,31.3,60.5,61.5,51.15
2024,6,3,7,2,40.0763,74.6,3040,3572,26.9907,49.9,147.3,32.51
2024,6,2,0,0,62.5,146.7,3439,4165,33,74.8,116.7,64.74
2024,6,2,7,2,28.17,98.7,1637,3951,30.3,53.8,48.4,27.74
2024,6,2,5,5,45.92,146.4,1232,1256,32.1,58.7,94.7,45.09
2024,6,2,1,6,26.8,92.9,4760,2476,37.5,58.1,103.9,25.77
2024,6,2,3,1,44.86,112.7,2019,1726,31.4,44.5,60.6,44.01
2024,6,2,7,4,38.43,137.5,3736,2786,34.3,60.9,83.8,38.47
2024,6,2,7,0,29.62,118,3600,3398,30.3,72.6,108.8,28.59
2024,6,2,2,2,38.97,115.2,2116,2172,36,48.9,89.7,39.89
2024,6,2,1,7,26.89,75.9,3812,2903,34.6,45,87.3,26.33
2024,6,2,1,5,40.0763,112.9,3866,1951,37,74.2,78.3533,26.74
2024,7,4,0,1,81.42,330.7,1080,997,27.9,79.5,84.4,79.9
2024,7,4,4,5,55.88,326.6,2765,4456,31.8,87.2,40.4,57.17
2024,7,4,4,3,67.73,331.5,2454,1481,25.3,94.6,103.2,66.75
2024,7,4,0,3,76.98,365.4,1173,4395,28.6,79.9,111.6,73.34
2024,7,4,7,2,25.92,334.1,4043,3652,27.9,88.6,27.4,24.81
2024,7,4,0,3,71.08,325.9,1873,4342,30.8,75.1,125.2,69.79
2024,7,4,4,4,56.91,348.3,3973,2208,31.3,91.3,25.7,58.6
2024,7,4,3,6,41.79,350.1,3247,2778,31.9,87.4,101.9,41.28
2024,7,4,0,2,62.67,304.8,1730,2883,29.9,92.8,19.3,63.49
2024,7,4,7,4,29.88,334.6,2996,3973,31.2,79.5,46.5,29.19
2024,7,4,3,4,45.03,334.3,2529,2594,26.9907,76.2,14.3,43.3
2024,7,4,0,0,55.87,213.7,4921,3469,25.2,76.2,126.7,58.56
2024,7,4,3,7,38.88,331.9,2132,1017,30.6,87.1,145.4,40.11
2024,7,4,0,6,40.0763,145.087,1911,3290,28.7,74.6,96.3,71.42
2024,7,5,3,1,44.84,145.087,4115,2589,29.8,65.6282,77.7,45.87
2024,7,4,5,4,54.82,342.4,4798,3668,30.6,82.7,22.6,54.08
2024,7,4,1,0,19.22,235.2,2754,2328,29.2,83.6,60.3,19.86
2024,7,4,1,7,23.82,373.9,3856,1778,26.6,89.4,11.3,23.65
2024,7,4,6,5,38.11,293.6,1789,4112,26.1,81.5,42.3,39.65
2024,7,4,5,1,59.55,256.4,2419,4007,31.6,90.5,78.3533,56.73
2024,7,4,4,1,65.94,322.6,3921,1427,26.2,91.3,17,64.61
2024,7,4,3,5,34.54,282,1954,3018,30.9,65.6282,78.3533,35.08
2024,7,4,2,2,34.8,356.2,1704,4259,25.6,78.8,83,34.8
2024,7,4,4,3,62.5,308.6,2502,3020,25.3,88,84.2,60.55
2024,7,4,6,3,42.45,268.5,3126,2781.6,27.6,86.1,144.9,44.39
2024,7,4,5,6,43.65,321.4,3044,2572,31,82.2,101.5,43.94
2024,7,4,7,6,28.42,357.5,3003,1278,30.9,79.3,140.9,28.92
2024,7,4,1,1,40.0763,389,3314.8,1410,30.8,84.6,26.5,24.86
2024,7,4,5,5,46.28,322.9,1382,2858,29.1,84.5,29.8,45.64
2024,7,4,0,1,84.38,240.6,4558,3998,28.1,75.6,96.9,81.44
2024,7,4,6,0,31.78,366.4,2536,3053,28,78.1,30.8,33.36
2024,7,4,3,6,44.86,246.6,4171,1404,29.2,76.9,147.7,43.6
2024,7,4,5,1,54.39,297.2,3420,3768,29.8,90.4,75.7,53.79
2024,7,4,6,3,40.53,206.8,2767,898,31.9,73.3,130.7,39.77
2024,7,4,6,5,35.65,243.5,1239,3172,25.4,77.8,12.3,34.83
2024,7,4,0,1,73.07,252.2,3772,1449,31,82.6,122,75.53
2024,7,4,2,7,36.7,204.3,2547,2267,26.8,71,107.5,35.89
2024,7,4,0,1,75.07,317.3,4572,1701,26.9,73.8,123,73.79
2024,7,4,7,3,30.57,325.1,4579,1090,25.9,82.9,19.6,30.36
2024,7,4,3,1,46.47,338,3314.8,2781.6,27.1,83.7,116.2,48.57
2024,7,4,3,6,40.25,288,2122,1237,26.1,88.1,141.5,42.04
2024,7,4,7,3,31.83,228.5,4002,1605,31.4,77.3,9.7,32.05
2024,7,4,5,7,41.29,340.6,3075,1801,32,88.2,143,41.78
2024,7,4,3,2,34.3,356.9,4271,3651,29.7,93.2,61.2,35.04
2024,7,4,3,7,34.71,268.1,2455,3951,31.1,76.7,26.9,36.36
2024,7,4,7,4,34.21,296.9,2286,3277,26.4,90.3,32.3,32.95
2024,7,4,5,3,57.37,223.7,4131,2504,30.5,75.6,80.8,56.77
2024,7,4,0,1,69.63,389.7,3314.8,3162,26.5,65.6282,94.6,71.31
2024,8,4,0,0,63.61,332.3,1282,2872,25.1,80.5,76.1,62.69
2024,8,4,7,0,25.08,293.7,4553,4205,31,74,82,24.83
2024,8,4,6,2,32.55,359.1,3668,4174,30.6,80.8,83.3,33.21
2024,8,4,6,3,45.93,145.087,3314.8,2067,31.8,89.5,17.6,45.71
2024,8,4,3,5,39.66,327.7,2660,4187,27.3,80,18.8,39.95
2024,8,4,0,2,58.28,361.7,4234,2561,26.5,75.3,8.3,55.62
2024,8,4,1,7,21.7,340.3,2048,1001,29.2,71.8,139.9,21.99
2024,8,4,1,5,23.24,372.9,4078,2062,27.2,70.8,65,22.77
2024,8,4,5,5,48.19,353.4,4008,2442,27.5,75.4,135.6,47.95
2024,8,4,0,6,40.0763,284.8,1304,1823,27.3,71.6,78.3533,74.25
2024,8,4,5,3,50.35,350,2685,1042,31.1,73.2,130.6,47.99
2024,8,4,2,3,43.07,263.6,1900,1553,30.5,74,83.7,42.98
2024,8,4,7,0,24.05,329.9,2022,2781.6,26.3,65.6282,137.5,25.25
2024,8,4,4,5,61.4,328.5,2843,2708,27.4,91.9,118.1,60.31
2024,8,4,1,3,27.61,305.6,1210,3286,28.7,81,44,27.69
2024,8,4,0,7,62.74,368.3,2649,951,31.4,71,78.3533,60.35
2024,8,4,7,7,27.38,356,1530,3316,28,65.6282,74.2,27.56
2024,8,4,0,2,61.85,145.087,2952,3106,27.2,73.6,96.3,64.37
2024,8,4,3,1,48.78,145.087,3576,3753,30.9,73.7,103.7,48.2
2024,8,4,7,1,31.69,258.4,4020,3357,28.4,73.2,16.1,33.26
2024,8,4,2,7,35.03,335.1,3093,2738,31.7,88.4,100.5,34.03
2024,8,4,4,5,54.2,278.9,3424,3125,29.6,73.3,47.3,56.68
2024,8,4,1,2,22.92,341.3,2490,4090,28,79.1,139.2,22.25
2024,8,4,0,4,78.89,242.4,4182,2662,25.8,91.4,142.8,78.49
2024,8,4,2,0,37.07,255.3,3483,1596,27.8,70.1,30.4,37.24
2024,8,4,0,0,60.09,285.6,2463,2487,29.6,76.2,99,61
2024,8,4,5,1,50.59,341.9,1634,963,27.3,71.3,140.2,52.4
2024,8,4,6,2,39.78,337.8,4882,2805,27.9,74.1,78.3,38.88
2024,8,4,1,7,22.62,304.4,1985,3167,28.4,77,117,22.67
2024,8,4,3,6,38.92,365.9,2604,1008,25.7,91.2,67.6,39.58
2024,8,4,1,5,22.23,242.1,3876,2577,30.7,89.9,35.1,22.58
2024,8,4,6,6,41.33,333.1,1425,3998,28.4,85.2,87,40.02
2024,8,4,2,1,47.17,280.6,4431,3534,25.5,90.6,77.7,46.38
2024,8,4,2,7,33.41,258.7,3913,2398,30.8,86.8,111.5,31.94
2024,8,4,5,5,44.33,275,1594,3173,31,88.7,121,43.31
2024,8,4,1,2,20.84,268.4,3843,1767,29.7,88.5,108.2,21.54
2024,8,4,3,6,42.5,214.1,4945,1931,27.8,88.1,90,44.08
2024,8,4,7,5,26.18,207.8,3344,26927,26.8,74.5,143.9,27.4
2024,8,4,6,0,35.45,363.5,3920,3906,28.7,94.3,114.6,34.85
2024,8,4,7,3,31.06,256,2076,3108,30.6,84.7,116.1,32.35
2024,8,4,4,1,69.01,201,2442,3504,25.3,73.4,132.4,66.78
2024,8,4,6,4,39.94,257.6,2158,3679,25.5,75.8,43.4,38.55
2024,8,4,7,4,28.74,389.5,1822,2762,31.8,94.2,47.3,29.28
2024,8,4,4,0,54.05,209.2,3132,3938,27.2,84.4,50.3,53.2
2024,8,4,4,1,67.97,228.1,2969,4168,31.8,94.4,146.9,70.36
2024,9,4,3,0,36.78,333.4,4338,3728,26,79.4,78.3533,36.51
2024,9,4,7,7,26.22,217.6,4385,4005,27.9,83.9,32.8,26.75
2024,9,4,5,7,42.31,286,4248,3674,29.6,91.9,84.9,44.01
2024,9,4,5,2,48.39,368.5,1871,2781.6,27,74,82.4,46.8
2024,9,4,2,5,36.67,314.7,4343,4045,26.9907,72,65.8,37.78
2024,9,4,1,3,22.65,244.4,1327,3294,27.7,94.6,94,23.75
2024,9,4,0,5,65.7,250.9,1498,1589,28.8,82.9,115.3,65.01
2024,9,4,5,5,44.96,369.8,4390,3679,27.2,82.6,104.8,47.16
2024,9,4,3,6,40.13,270.3,1371,1396,31.6,93.7,55.4,38.79
2024,9,4,4,1,66.1,382.4,3680,4148,29.9,93.1,15.9,68.21
2024,9,4,3,6,39.28,255.6,3489,4418,29.7,84.3,98.7,38.11
2024,9,4,5,5,44.55,271.7,2911,2646,31,74.1,11.2,43.45
2024,9,4,3,6,38.46,235.5,3796,1105,26.2,82.8,59.7,39.7
2024,9,4,0,4,71.97,379.9,2052,1325,26.9907,65.6282,101.9,73.27
2024,9,4,7,5,26.94,310.6,44123,1154,28.7,91.6,36.4,27.18
2024,9,4,5,6,45.03,337,2128,1626,26,71.6,62.9,47.36
2024,9,4,3,7,37.49,253.8,3382,3379,30.3,73.9,38.6,36.37
2024,9,4,3,0,41.69,329,3269,4163,28.3,84.4,12.7,39.76
2024,9,4,3,5,44.32,366.7,3913,1385,28.9,82.3,119.4,42.86
2024,9,4,2,0,33.66,242.1,1371,2781.6,28.3,82.7,78.3533,33.64
2024,9,4,6,3,43.71,343,1801,1433,25,91.5,110.9,41.96
2024,9,4,4,4,67.44,287.5,2618,4167,28.3,83.3,24.8,66.37
2024,9,4,1,3,26.78,247.5,1499,995,29.5,85.6,14.1,27.5
2024,9,4,3,3,47.54,292.9,3871,2037,25.8,71.1,10.4,46.84
2024,9,4,7,0,24.88,256.6,2674,3972,26.9907,89.7,98.9,25.29
2024,9,4,3,3,48.3,145.087,3872,4289,26.9907,80.7,42.7,49.95
2024,9,4,4,5,56.87,145.087,2529,2781.6,25.9,84.1,73.7,55.82
2024,9,4,2,0,32.91,284.8,2716,3670,27.6,80,70.4,32.1
2024,9,4,1,0,19.22,254.7,2845,2809,28.9,79.4,31.9,19.76
2024,9,4,3,4,48.82,265.5,1218,3378,31.1,91.3,145.4,47.42
2024,9,4,5,0,43.99,301.9,3314.8,3702,26.9907,70.4,53,43.71
2024,9,4,1,1,28.61,315.6,1527,3406,30.1,80.1,51.1,28.93
2024,9,4,4,1,66.67,365.1,1568,1230,26.9907,88.1,78.3533,63.53
2024,9,4,3,7,40.79,228.6,2888,3412,26.8,70.2,121.7,41.82
2024,9,4,3,4,45.07,217.2,2977,1328,26.1,82.3,120.1,46.59
2024,10,4,0,1,74.76,239.9,2925,2356,29.9,76.8,59.4,75.6
2024,10,4,6,6,38.61,227.1,1027,2420,29.3,90.1,52.8,39.27
2024,10,4,4,0,47.49,308,4892,3758,27.7,89.5,53.3,49.88
2024,10,4,6,1,40.03,145.087,3314.8,2669,31.7,75.1,104.8,42.13
2024,10,4,7,5,26.63,234.1,1143,3517,31.4,91.6,72.7,27.02
2024,10,4,3,3,41.83,292.7,2941,2528,26.2,73.8,106.9,43.93
2024,10,4,5,4,50.37,302.2,1654,4219,29.3,78.4,52.4,51.92
2024,10,4,7,2,27.09,288.5,1889,1155,26,73.1,110.9,26.06
2024,10,4,5,3,53.9,344.5,1889,2821,30.3,73,58.5,54.38
2024,10,4,0,4,73.72,220.2,3131,1905,29.9,80.5,135.3,72.83
2024,10,4,1,2,19.6,277.9,3314.8,2990,30,71.6,113.2,20.62
2024,10,4,2,7,33.03,312.4,3325,995,29.8,71.5,123,33.37
2024,10,4,3,7,36.48,393.3,1240,4118,30.8,75.3,111.2,37.1
2024,10,4,3,5,38.17,200.3,2445,1785,26.3,86.7,80.9,37.9
2024,10,4,4,7,56.58,317.9,3065,1351,25,88.4,85.2,54.07
2024,10,4,5,4,51.58,314,2542,3477,29.1,92.5,16.3,52.21
2024,10,4,4,7,58.09,300.1,3314.8,3588,27.1,71.4,128.9,58.79
2024,10,4,7,4,32.42,382.8,4256,21456,27.6,93.7,85.3,31.69
2024,10,4,4,4,59.56,262.5,1369,2781.6,26.9907,93.6,28.9,62.17
2024,10,4,3,5,38.72,397.1,4203,1804,26.9907,92.8,78.3533,38.58
2024,10,4,0,7,40.0763,222.5,3968,1761,31.2,65.6282,44.6,59.64
2024,10,4,5,6,50.7,291.2,2396,2288,30.7,91.1,53.1,49.1
2024,10,4,2,7,37.28,285.4,1426,1483,28.8,82.6,100.3,36.22
2024,10,4,4,1,67.96,145.087,1571,3816,30.2,83.6,90.6,313.655
2024,10,4,4,4,71.5,335.8,4683,2640,31.1,74.4,137,68.18
2024,10,4,7,7,28.28,227.2,2641,1619,27.2,72.1,27.9,27.92
2024,10,4,2,5,38.32,145.087,4026,3607,25.7,86.8,78.3533,36.8
2024,10,4,7,5,26.79,228.1,2288,4248,26.9907,79,78.3533,26.92
2024,10,4,1,1,29.15,356.4,21070,1961,29.6,77.7,135.9,29.84
2024,10,4,0,3,80.62,246.4,4025,3761,25.3,93,65.6,77.89
2024,10,4,6,3,47.68,222.6,4189,3197,29.9,73.4,65,45.68
2024,10,4,3,6,40.94,281.9,39934,4341,30.4,70.2,137.2,39.82
2024,10,4,5,7,48.69,393.9,4089,3149,30.6,88.2,138.7,47.89
2024,10,4,3,5,36.2,248.7,1085,4312,30.9,80.4,84.9,35.8
2024,10,4,7,1,31.15,261.1,3864,3893,29.6,87.6,5.2,32
2024,10,4,4,1,70.19,363.2,2823,3553,31.8,79.4,92.2,72.94
2024,10,4,2,5,40.0763,257.4,4398,2735,26,87.6,70,33.05
2024,10,4,4,0,56.19,364.4,3316,2772,31.1,73,89.8,55.14
2024,10,4,4,7,55.04,347.4,2856,2188,30.6,94.7,87,52.5
2024,10,4,6,6,40.69,283.8,3332,4190,25.9,83.4,117.6,39.4
2024,10,4,5,2,43.64,283.2,2694,2344,31.3,90.4,75.8,44.63
2024,11,0,0,4,59.61,34.5,4365,4088,16.5,41.6,123.6,59.96
2024,11,0,6,7,36.91,70.8,4955,3848,19.9,61.6,146.2,36.54
2024,11,0,7,3,25.75,55.7,4990,2513,21.4,61.7,25.1,25.98
2024,11,0,7,0,20,56.5,4754,2232,21.6,63.2,23.7,20.39
2024,11,0,7,4,24.45,51.9,4997,3400,17.2,65.6282,78.3533,24.9
2024,11,0,7,3,24,19.6,1046,1471,18.5,58.1,124.3,24.01
2024,11,0,5,0,35.18,72,2683,2035,20,74.7,108.3,34.26
2024,11,0,4,5,46.72,58.7,1021,3072,18.1,41.4,88.4,46.97
2024,11,0,6,5,36.91,145.087,3140,2242,20.1,64.1,101.1,36.52
2024,11,0,1,7,16.35,79.1,3400,2336,15.6,52,83,17.1
2024,11,0,4,3,52.78,32.4,3159,3106,20.3,53.8,84.2,52.39
2024,11,0,7,7,24.26,35.2,1146,1181,18.2,71.4,123.9,23.63
2024,11,0,4,7,45.53,34.2,1850,3863,18.7,50.2,50.7,43.42
2024,11,0,5,3,42.47,52.5,2930,4352,17.2,54.4,25.7,42.55
2024,11,0,7,5,23.17,22.9,1388,867,16.5,51.8,8.1,23.42
2024,11,0,2,0,24.53,145.087,4082,2781.6,25,68.8,147.3,24.46
2024,11,0,6,1,45.8,47.9,1173,4273,21.2,57.2,147.9,45.88
2024,11,0,6,0,33.13,63.2,1986,3094,22.7,64.7,56.5,33.49
2024,11,0,2,2,22.76,38.3,4099,2700,24.2,45.5,131.6,23.26
2024,11,0,2,2,22.6,69.8,2514,2381,17.8,52.3,146.7,22.89
2024,11,0,5,5,34.65,48.7,3083,3891,21,41.4,134.1,35.84
2024,11,0,6,5,38.65,26.3,1295,951,19.9,40.7,136.5,37.76
2024,11,0,4,0,40.6,24.5,1614,1939,22.3,44.2,33.6,40.16
2024,11,0,5,3,44.62,22,3986,1802,18.8,74.6,97.8,46.17
2024,11,0,2,7,22.64,24.7,3839,1077,22.9,65.2,12,22.98
2024,11,0,4,5,49.02,54.3,3015,1170,18.3,47.8,88.5,47.61
2024,11,0,6,7,37.87,55.2,2972,1436,23.9,58.8,53.6,37.39
2024,11,0,3,0,39.81,79.5,2283,3043,15.1,42.4,64.6,41.86
2024,11,0,0,4,65.53,63.4,1717,2727,19.4,49.7,149.6,65.41
2024,11,0,2,1,28.67,35.6,3535,967,16.8,59.6,14.7,29.06
2024,11,0,3,7,43.1,68.6,45136,2941,22.2,71.4,61.6,42.5
2024,11,0,1,7,16.56,54.3,3571,2496,15.8,67.8,116.5,16.77
2024,11,0,5,0,37.31,36,3663,1479,20.2,47.2,94,38.7
2024,11,0,1,2,19.65,23.9,3425,3628,17.4,64.4,48.7,19.02
2024,11,0,2,2,24.85,19.8,3823,3766,22.5,52.1,19.2,25.94
2024,11,0,7,2,22.09,72,2386,1661,17.4,68.3,100.8,22.53
2024,11,0,6,5,38.24,64.5,3504,918,23.8,65.5,134.3,36.9
2024,11,0,1,0,16.23,57.9,3235,1362,24.6,47.5,11.6,16.52
2024,11,0,6,0,37.87,78.7,4311,3800,16.1,70.8,110.6,36.78
2024,11,0,6,1,39.1,34.1,1493,4323,16.3,42.5,60.5,39.41
2024,11,0,3,1,48.89,62.1,3152,3261,20.6,58.6,11.8,47.56
2024,11,0,4,3,49.19,76.6,2728,2264,15.1,60.9,54.8,48.41
2024,11,0,2,0,23.02,14.8,2811,3386,17.7,42,78.6,23.48
2024,11,0,1,4,20.31,29.9,3335,1871,16.2,68.8,133.2,21.14
2024,11,0,5,0,36.52,40.4,2858,813,23.8,49.2,77.6,34.93
2024,11,0,0,1,68.48,27.1,4363,3097,23.5,50.2,27.9,72.02
2024,11,0,6,5,35.5,145.087,3625,2119,20.2,42.3,126.1,36.94
2024,11,0,7,5,26.18,44.8,3471,1435,24.2,72.8,139.6,24.94
2024,12,0,1,3,22.32,79.4,1919,1216,17.8,42.7,53.4,21.35
2024,12,0,0,1,40.0763,16.2,4654,3206,20.7,46.1,50.5,64.44
2024,12,0,5,4,46.5,58.2,1392,2988,23.2,40.5,80.1,46.13
2024,12,0,3,3,47.13,39.8,2863,3442,16,58.4,110.4,45.01
2024,12,0,7,0,24.03,145.087,3047,1174,18.4,65.6282,115.1,23.59
2024,12,0,5,5,35.13,42.2,1639,1366,23.9,48.7,42.2,35.98
2024,12,0,4,6,52.03,42.1,1328,2400,17.9,73.5,20.9,50.04
2024,12,0,7,0,24.1,79,2011,4058,16.3,74.3,118.7,24.01
2024,12,0,3,2,38.34,47.3,3103,1107,22.5,53.4,118,39.67
2024,12,0,7,6,22.58,61.3,3593,3654,22.1,59.7,98.9,22.26
2024,12,0,6,5,35.95,25.6,3611,1268,24,57.1,31.6,37.39
2024,12,0,5,5,37.7,56.5,2552,3574,16.7,59.9,63.9,36.79
2024,12,0,1,7,18.46,20.3,3816,822,23.6,71,117.9,17.76
2024,12,0,3,4,50.17,69.4,3677,4315,15.3,54.2,59.7,49.43
2024,12,0,4,2,37.12,43.4,1952,4318,26.9907,59,42.4,38.73
2024,12,0,4,7,43.97,15.8,4084,19994,19.1,47.6,57,43.14
2024,12,0,6,3,41.44,57.9,3909,3939,17.3,47.8,129.9,41.58
2024,12,0,5,1,52.37,56.1,2124,833,21.9,66.1,12.1,52.03
2024,12,1,7,3,25.41,38,2386,4080,22,64.7,28.3,25.28
2024,12,0,2,0,24.72,12.1,2946,1262,19.6,46,116.4,25.09
2024,12,0,1,7,18.88,72.1,3557,4029,19.4,52.1,122.7,18.66
2024,12,0,5,4,45.25,40.3,1165,1917,22.6,56,16.6,44.15
2024,12,0,1,6,19.81,29.5,4560,826,16.6,54.8,45.3,19.31
2024,12,0,3,6,42.57,59.3,4260,1056,23,58.8,58,42.24
2024,12,0,5,6,40.0763,31.8,4654,2187,15.5,41,78.3533,38.62
2024,12,0,5,4,47.42,78,4372,924,24.3,74.9,96.7,45.76
2024,12,0,1,7,16.92,47.1,2780,848,23,53.4,50.8,17.29
2024,12,0,6,4,37.19,46.3,3024,4091,19.9,73.5,96.6,38.28
2024,12,0,5,2,37.21,65.5,2949,3635,16.4,49.5,70.3,38.65
2024,12,0,0,7,61.96,77.4,4095,1254,26.9907,61.3,129.5,59.15
2024,12,0,7,11,40.0763,41.9,1247,3330,24.3,71.9,78.3533,26.49
2024,12,0,4,6,44.53,63.2,4655,2619,18.1,56.8,40.4,43.17
2024,12,0,1,5,19.57,64.9,4332,1647,20.7,58.6,91.5,18.99
2024,12,0,0,0,51.59,48.1,4492,1595,22.4,51.6,102.4,50.8
2024,12,0,3,2,36.55,53.9,1852,2462,19.2,65.7,69.4,36.84
2024,12,0,3,0,41.15,13.4,2224,1865,16.7,73.3,128.9,39.87
2024,12,0,4,0,44.35,71.1,3701,3450,17.1,65.6282,145.9,43.33
2024,12,0,3,7,38.91,32.7,3656,3714,22.2,44.3,21.6,37.79
2024,12,0,2,0,24.03,22.5,2736,2977,23.7,42.8,6,23.42
2024,12,0,5,2,35.82,57.7,3267,4378,22.4,71.8,6.1,36.53
2024,12,0,5,4,48.57,21.1,3596,2048,19.4,50.3,112.8,48.69
