Date,Year,Month,Season,Crop,Region,Previous_Price,Rainfall_mm,Supply_tonnes,Demand_tonnes,Current_Price
2023-01-03,2023,1,Winter,Cabbage,Mymensingh,16.07,42.9,1133,1748,16.42
2023-01-03,2023,1,Winter,Tomato,Sylhet,43.04,50.6,3703,2805,41.52
2023-01-05,2023,1,Winter,Onion,Khulna,37.1,59.3,4260,1056,36.82
2023-01-05,2023,1,Winter,Rice,Rangpur,52.37,43.8,3082,3999,50.25
2023-01-07,2023,1,Winter,Cabbage,Rajshahi,16.43,26.2,3896,1418,17.28
2023-01-07,2023,1,Winter,Wheat,Barisal,37.32,60.7,3523,919,36.12
2023-01-09,2023,1,Winter,Wheat,Rangpur,33.51,28.5,2498,3928,33.84
2023-01-10,2023,1,Winter,Tomato,Chittagong,43.26,33.5,2861,3426,43.07
2023-01-12,2023,1,Winter,Onion,Sylhet,39.83,14.7,2229,2875,39.63
2023-01-12,2023,1,Winter,Wheat,Dhaka,45.42,71.9,3694,2588,43.36
2023-01-13,2023,1,Winter,Wheat,Khulna,41.62,78.2,2012,3821,39.66
2023-01-15,2023,1,Winter,Cauliflower,Chittagong,26.05,43.0,2359,1656,25.44
2023-01-16,2023,1,Winter,Onion,Khulna,43.94,18.2,4089,2761,42.19
2023-01-16,2023,1,Winter,Eggplant,Khulna,33.91,31.8,4274,2841,32.3
2023-01-17,2023,1,Winter,Cauliflower,Chittagong,26.36,61.3,3573,1224,25.66
2023-01-19,2023,1,Winter,Cabbage,Dhaka,19.03,14.2,1822,4032,18.66
2023-01-20,2023,1,Winter,Eggplant,Rajshahi,32.32,10.1,1154,3522,32.68
2023-01-21,2023,1,Winter,Eggplant,Dhaka,36.51,53.0,4303,1334,37.1
2023-01-22,2023,1,Winter,Rice,Khulna,57.89,78.2,1812,1872,56.75
2023-01-24,2023,1,Winter,Wheat,Rangpur,36.12,77.7,1881,3189,36.66
2023-01-24,2023,1,Winter,Wheat,Mymensingh,38.77,77.0,4997,2896,39.18
2023-01-25,2023,1,Winter,Tomato,Rajshahi,38.18,53.1,4288,2611,37.72
2023-01-26,2023,1,Winter,Potato,Barisal,21.25,38.8,3743,4339,20.76
2023-01-26,2023,1,Winter,Cauliflower,Khulna,24.35,54.5,2901,3671,24.84
2023-01-27,2023,1,Winter,Wheat,Khulna,46.49,68.5,3356,3204,44.48
2023-01-28,2023,1,Winter,Eggplant,Sylhet,39.79,64.8,4179,3169,39.48
2023-01-30,2023,1,Winter,Eggplant,Barisal,28.35,24.8,4267,1858,28.81
2023-01-31,2023,1,Winter,Wheat,Dhaka,49.37,44.9,1109,1533,49.96
2023-02-01,2023,2,Winter,Onion,Sylhet,38.99,25.7,2182,1488,37.93
2023-02-01,2023,2,Winter,Eggplant,Rajshahi,32.95,19.5,2601,4063,32.0
2023-02-02,2023,2,Winter,Cauliflower,Rangpur,21.51,24.8,4862,3123,20.73
2023-02-02,2023,2,Winter,Wheat,Rangpur,34.04,48.7,1229,3408,35.8
2023-02-06,2023,2,Winter,Tomato,Sylhet,34.13,43.1,1692,3146,35.73
2023-02-06,2023,2,Winter,Onion,Dhaka,44.53,51.5,3003,2392,46.56
2023-02-07,2023,2,Winter,Potato,Barisal,21.21,71.2,2803,1208,21.16
2023-02-07,2023,2,Winter,Tomato,Mymensingh,36.13,20.4,2607,1714,34.77
2023-02-08,2023,2,Winter,Rice,Barisal,49.54,15.4,4539,4303,51.66
2023-02-10,2023,2,Winter,Cauliflower,Khulna,25.23,56.7,2448,3995,25.08
2023-02-13,2023,2,Winter,Cabbage,Dhaka,19.42,15.5,2282,3158,19.56
2023-02-15,2023,2,Winter,Cabbage,Mymensingh,14.44,25.2,4537,3978,15.11
2023-02-15,2023,2,Winter,Cabbage,Barisal,16.83,40.1,1043,1203,17.25
2023-02-15,2023,2,Winter,Wheat,Barisal,37.95,13.2,3132,3938,37.36
2023-02-16,2023,2,Winter,Cabbage,Dhaka,19.16,23.6,3266,1982,20.01
2023-02-16,2023,2,Winter,Rice,Rajshahi,51.42,21.9,2464,4463,51.74
2023-02-17,2023,2,Winter,Wheat,Sylhet,49.73,49.4,1134,1534,47.69
2023-02-18,2023,2,Winter,Cauliflower,Sylhet,24.8,35.8,4643,2438,24.21
2023-02-18,2023,2,Winter,Cabbage,Rangpur,15.9,65.2,3806,2080,15.19
2023-02-21,2023,2,Winter,Tomato,Mymensingh,33.75,69.0,3754,2727,34.49
2023-02-22,2023,2,Winter,Eggplant,Rajshahi,31.7,60.5,4172,4245,32.08
2023-02-23,2023,2,Winter,Cauliflower,Chittagong,25.14,49.1,2583,1963,25.78
2023-02-25,2023,2,Winter,Rice,Sylhet,53.37,70.8,4524,4364,53.68
2023-02-25,2023,2,Winter,Rice,Rangpur,48.34,79.7,1425,1875,47.78
2023-02-25,2023,2,Winter,Potato,Mymensingh,20.48,41.6,3959,2850,21.3
2023-02-25,2023,2,Winter,Wheat,Barisal,35.13,44.0,3157,4197,36.51
2023-02-27,2023,2,Winter,Cauliflower,Dhaka,27.46,24.8,3678,3533,27.4
2023-02-28,2023,2,Winter,Wheat,Rajshahi,35.23,14.8,4530,1763,35.57
2023-03-01,2023,3,Summer,Onion,Chittagong,34.06,98.6,1283,3915,33.95
2023-03-03,2023,3,Summer,Wheat,Mymensingh,39.43,90.9,4149,1354,38.41
2023-03-03,2023,3,Summer,Cauliflower,Rajshahi,37.98,129.1,1515,2798,39.02
2023-03-04,2023,3,Summer,Cauliflower,Dhaka,41.46,97.7,4765,4292,41.33
2023-03-05,2023,3,Summer,Potato,Khulna,30.38,149.8,2959,2952,30.76
2023-03-07,2023,3,Summer,Eggplant,Mymensingh,38.31,101.3,1446,2651,38.3
2023-03-08,2023,3,Summer,Rice,Sylhet,69.06,95.6,3131,3242,68.89
2023-03-09,2023,3,Summer,Onion,Mymensingh,30.08,89.1,1732,1981,28.76
2023-03-10,2023,3,Summer,Onion,Barisal,29.11,144.9,1132,3278,30.16
2023-03-10,2023,3,Summer,Wheat,Dhaka,50.58,117.2,4572,999,51.91
2023-03-12,2023,3,Summer,Rice,Dhaka,70.88,69.9,1083,3344,73.43
2023-03-12,2023,3,Summer,Potato,Rajshahi,27.06,113.7,3530,2654,27.69
2023-03-13,2023,3,Summer,Onion,Barisal,31.55,82.8,3700,2052,30.95
2023-03-14,2023,3,Summer,Onion,Sylhet,39.31,71.4,1541,3762,37.67
2023-03-14,2023,3,Summer,Cabbage,Chittagong,28.34,67.8,4952,3957,27.34
2023-03-15,2023,3,Summer,Rice,Rajshahi,61.42,109.5,4376,3131,58.94
2023-03-16,2023,3,Summer,Onion,Khulna,35.16,136.9,2363,2041,33.62
2023-03-17,2023,3,Summer,Rice,Rajshahi,54.36,106.3,2244,1148,51.8
2023-03-19,2023,3,Summer,Wheat,Rangpur,40.73,77.8,4835,4393,41.27
2023-03-19,2023,3,Summer,Rice,Dhaka,69.62,107.9,4150,3216,71.68
2023-03-19,2023,3,Summer,Onion,Sylhet,35.82,79.7,3349,2446,34.76
2023-03-20,2023,3,Summer,Wheat,Khulna,50.15,84.9,3979,4154,49.43
2023-03-20,2023,3,Summer,Tomato,Rajshahi,45.77,106.7,4479,2393,44.97
2023-03-20,2023,3,Summer,Wheat,Rajshahi,43.05,119.7,3032,1416,41.49
2023-03-22,2023,3,Summer,Eggplant,Dhaka,47.3,104.1,1173,4273,47.38
2023-03-22,2023,3,Summer,Cabbage,Sylhet,27.62,145.7,4556,1486,27.24
2023-03-22,2023,3,Summer,Tomato,Chittagong,48.28,51.8,2617,1277,50.75
2023-03-24,2023,3,Summer,Eggplant,Mymensingh,37.83,142.6,2362,3738,38.13
2023-03-25,2023,3,Summer,Tomato,Rajshahi,48.53,69.6,4004,4430,47.92
2023-03-26,2023,3,Summer,Cabbage,Chittagong,27.02,149.5,1739,3034,27.59
2023-03-26,2023,3,Summer,Cauliflower,Rajshahi,35.19,112.6,3973,3664,34.31
2023-03-27,2023,3,Summer,Cauliflower,Sylhet,45.37,140.1,2667,4473,46.0
2023-03-28,2023,3,Summer,Wheat,Rajshahi,42.74,89.4,3424,3125,44.7
2023-03-28,2023,3,Summer,Cabbage,Sylhet,25.02,123.8,2815,3366,25.99
2023-03-30,2023,3,Summer,Tomato,Mymensingh,40.82,96.5,3499,3536,41.32
2023-03-30,2023,3,Summer,Wheat,Sylhet,48.04,121.7,2960,2953,48.47
2023-03-31,2023,3,Summer,Cauliflower,Barisal,37.31,105.0,2189,4450,38.07
2023-03-31,2023,3,Summer,Onion,Mymensingh,31.9,91.6,2812,1982,33.01
2023-03-31,2023,3,Summer,Potato,Rajshahi,27.43,61.2,1065,3650,26.2
2023-04-01,2023,4,Summer,Eggplant,Mymensingh,33.44,148.1,4052,3476,35.13
2023-04-02,2023,4,Summer,Onion,Rajshahi,32.58,118.6,2386,3911,32.18
2023-04-02,2023,4,Summer,Wheat,Rangpur,41.01,84.8,2313,2211,40.63
2023-04-02,2023,4,Summer,Tomato,Rangpur,42.18,129.2,2949,3635,43.81
2023-04-02,2023,4,Summer,Rice,Khulna,56.25,127.9,2167,3450,54.86
2023-04-04,2023,4,Summer,Rice,Chittagong,60.82,66.0,3787,2529,60.24
2023-04-05,2023,4,Summer,Eggplant,Dhaka,47.07,140.5,1631,1579,47.83
2023-04-06,2023,4,Summer,Rice,Khulna,62.75,102.0,3870,4468,63.56
2023-04-06,2023,4,Summer,Cauliflower,Mymensingh,38.9,93.1,3677,1475,38.49
2023-04-06,2023,4,Summer,Onion,Sylhet,33.49,66.8,3083,4169,34.27
2023-04-08,2023,4,Summer,Rice,Khulna,55.36,136.8,4635,3121,55.5
2023-04-09,2023,4,Summer,Potato,Dhaka,35.05,71.1,3578,3968,36.09
2023-04-09,2023,4,Summer,Wheat,Khulna,44.51,70.0,3746,2239,46.71
2023-04-10,2023,4,Summer,Cabbage,Barisal,25.48,83.9,4845,2297,24.85
2023-04-10,2023,4,Summer,Eggplant,Mymensingh,33.85,80.0,4318,3711,35.21
2023-04-11,2023,4,Summer,Cabbage,Rajshahi,22.09,126.6,4727,4318,23.05
2023-04-12,2023,4,Summer,Cauliflower,Rajshahi,35.77,78.7,4398,2735,35.08
2023-04-13,2023,4,Summer,Cabbage,Barisal,23.29,60.1,4157,1363,24.5
2023-04-13,2023,4,Summer,Wheat,Chittagong,55.45,136.7,4605,2208,53.43
2023-04-13,2023,4,Summer,Tomato,Khulna,48.9,135.6,1803,1397,47.48
2023-04-13,2023,4,Summer,Potato,Sylhet,34.16,85.2,3466,3786,33.12
2023-04-14,2023,4,Summer,Cabbage,Sylhet,26.91,133.4,1666,2316,27.31
2023-04-15,2023,4,Summer,Tomato,Sylhet,45.02,93.8,1033,1753,46.94
2023-04-16,2023,4,Summer,Wheat,Sylhet,43.91,66.0,2840,2902,45.52
2023-04-16,2023,4,Summer,Wheat,Barisal,43.33,80.6,3468,3739,43.65
2023-04-16,2023,4,Summer,Rice,Chittagong,61.89,59.3,3449,4013,63.0
2023-04-17,2023,4,Summer,Onion,Khulna,34.14,146.1,4983,1383,33.43
2023-04-17,2023,4,Summer,Rice,Rajshahi,49.98,52.9,3109,1275,52.22
2023-04-19,2023,4,Summer,Cauliflower,Mymensingh,39.71,92.7,1426,1483,38.58
2023-04-20,2023,4,Summer,Cabbage,Khulna,22.83,145.8,3121,2702,23.9
2023-04-20,2023,4,Summer,Cauliflower,Chittagong,46.03,103.3,2641,3218,46.43
2023-04-20,2023,4,Summer,Potato,Khulna,33.85,93.9,2041,4334,33.55
2023-04-22,2023,4,Summer,Onion,Khulna,30.12,140.5,1924,3413,30.95
2023-04-23,2023,4,Summer,Cauliflower,Khulna,36.23,123.8,4563,1619,36.69
2023-04-23,2023,4,Summer,Potato,Mymensingh,28.66,120.5,3282,3757,30.04
2023-04-25,2023,4,Summer,Wheat,Dhaka,53.68,125.7,1174,1604,55.87
2023-04-26,2023,4,Summer,Rice,Rangpur,53.02,143.6,4641,864,54.43
2023-04-26,2023,4,Summer,Onion,Rangpur,28.44,66.7,2130,3194,29.56
2023-04-26,2023,4,Summer,Rice,Khulna,66.48,142.7,4558,4209,64.42
2023-04-27,2023,4,Summer,Wheat,Mymensingh,40.36,70.0,2077,4205,40.27
2023-04-27,2023,4,Summer,Eggplant,Khulna,37.18,70.3,2381,4123,35.97
2023-04-27,2023,4,Summer,Potato,Khulna,27.77,129.7,2271,2701,27.81
2023-04-28,2023,4,Summer,Tomato,Barisal,41.78,93.5,2858,813,39.97
2023-05-01,2023,5,Summer,Potato,Mymensingh,30.8,79.2,3889,1919,31.06
2023-05-01,2023,5,Summer,Onion,Khulna,36.95,108.8,2436,4326,36.19
2023-05-01,2023,5,Summer,Rice,Barisal,59.01,77.2,1261,1877,57.78
2023-05-01,2023,5,Summer,Rice,Rangpur,54.14,118.8,2293,2474,54.9
2023-05-01,2023,5,Summer,Onion,Rangpur,30.55,83.4,3295,4101,30.14
2023-05-02,2023,5,Summer,Cabbage,Khulna,26.48,88.0,4721,2613,27.03
2023-05-02,2023,5,Summer,Onion,Rangpur,32.51,122.0,2972,3565,32.58
2023-05-03,2023,5,Summer,Rice,Rajshahi,50.83,101.6,1188,2442,53.12
2023-05-06,2023,5,Summer,Onion,Rangpur,32.34,77.9,3922,3937,32.08
2023-05-07,2023,5,Summer,Wheat,Chittagong,53.98,113.4,1349,2945,52.88
2023-05-08,2023,5,Summer,Potato,Sylhet,30.54,82.3,3905,1723,31.02
2023-05-09,2023,5,Summer,Potato,Mymensingh,31.52,66.5,3161,4373,31.19
2023-05-10,2023,5,Summer,Eggplant,Chittagong,45.21,71.8,3865,1849,44.03
2023-05-10,2023,5,Summer,Eggplant,Chittagong,46.43,107.4,2922,2760,46.71
2023-05-11,2023,5,Summer,Tomato,Dhaka,53.97,104.9,1217,803,52.89
2023-05-11,2023,5,Summer,Eggplant,Sylhet,46.5,142.6,2158,4497,44.81
2023-05-12,2023,5,Summer,Wheat,Barisal,40.97,144.2,1207,1488,39.3
2023-05-12,2023,5,Summer,Cauliflower,Barisal,39.62,108.4,4134,4450,39.13
2023-05-13,2023,5,Summer,Cabbage,Khulna,24.58,133.3,4302,2250,25.68
2023-05-14,2023,5,Summer,Tomato,Rajshahi,40.8,136.6,1539,860,41.39
2023-05-14,2023,5,Summer,Rice,Barisal,58.93,91.1,4578,3525,56.44
2023-05-14,2023,5,Summer,Rice,Mymensingh,57.16,55.0,2571,1020,59.63
2023-05-16,2023,5,Summer,Eggplant,Chittagong,39.54,58.9,4301,1219,41.17
2023-05-16,2023,5,Summer,Onion,Dhaka,37.05,121.4,3139,1274,38.98
2023-05-16,2023,5,Summer,Rice,Rajshahi,55.71,100.4,4810,2189,53.68
2023-05-16,2023,5,Summer,Wheat,Barisal,43.51,93.3,2066,1278,44.34
2023-05-17,2023,5,Summer,Eggplant,Rajshahi,38.01,148.9,2530,2503,37.26
2023-05-17,2023,5,Summer,Potato,Rangpur,29.29,138.6,3098,2024,28.32
2023-05-17,2023,5,Summer,Tomato,Rajshahi,45.21,132.7,4274,1954,46.61
2023-05-17,2023,5,Summer,Cauliflower,Rangpur,38.31,121.3,3901,2533,37.43
2023-05-19,2023,5,Summer,Rice,Rajshahi,51.62,133.3,4428,1036,52.95
2023-05-19,2023,5,Summer,Eggplant,Khulna,39.96,115.2,1803,3098,39.5
2023-05-19,2023,5,Summer,Cauliflower,Rajshahi,33.12,86.1,3606,2258,34.69
2023-05-20,2023,5,Summer,Wheat,Sylhet,52.75,135.4,2392,4026,52.71
2023-05-20,2023,5,Summer,Cauliflower,Sylhet,44.98,50.8,4776,2814,43.06
2023-05-20,2023,5,Summer,Eggplant,Rajshahi,37.94,139.2,3199,4469,38.58
2023-05-20,2023,5,Summer,Wheat,Rajshahi,46.53,91.6,2867,4460,45.22
2023-05-21,2023,5,Summer,Cabbage,Khulna,27.76,129.7,2020,3383,26.45
2023-05-21,2023,5,Summer,Potato,Khulna,30.41,90.9,4968,861,29.17
2023-05-22,2023,5,Summer,Cabbage,Rangpur,22.63,113.6,3840,3442,21.7
2023-05-22,2023,5,Summer,Wheat,Khulna,44.5,119.9,1662,1210,45.81
2023-05-22,2023,5,Summer,Tomato,Rajshahi,45.03,140.9,4154,1394,44.34
2023-05-22,2023,5,Summer,Cabbage,Rajshahi,26.19,87.0,2901,3683,25.85
2023-05-23,2023,5,Summer,Eggplant,Mymensingh,36.63,140.6,1077,1848,37.7
2023-05-24,2023,5,Summer,Wheat,Rangpur,39.43,92.9,4240,1372,40.45
2023-05-26,2023,5,Summer,Cauliflower,Sylhet,41.37,128.4,3134,2778,42.01
2023-05-27,2023,5,Summer,Tomato,Mymensingh,41.29,143.8,3500,3633,43.29
2023-05-29,2023,5,Summer,Eggplant,Rangpur,33.12,76.3,2518,1127,32.76
2023-05-29,2023,5,Summer,Cauliflower,Mymensingh,40.81,132.1,1086,3443,38.99
2023-05-30,2023,5,Summer,Tomato,Dhaka,53.01,121.4,2418,2611,52.2
2023-05-30,2023,5,Summer,Rice,Sylhet,63.63,108.4,3949,2510,64.96
2023-05-30,2023,5,Summer,Rice,Barisal,58.58,91.4,2684,2042,58.92
2023-05-30,2023,5,Summer,Tomato,Barisal,42.81,135.5,4198,3784,42.33
2023-05-31,2023,5,Summer,Eggplant,Chittagong,42.15,98.9,1945,3373,40.36
2023-06-01,2023,6,Summer,Wheat,Rajshahi,41.35,113.3,3246,3716,42.09
2023-06-01,2023,6,Summer,Onion,Chittagong,35.95,69.7,3467,1426,35.04
2023-06-01,2023,6,Summer,Cauliflower,Mymensingh,39.27,66.3,2235,1297,37.69
2023-06-02,2023,6,Summer,Eggplant,Mymensingh,35.03,117.0,1176,1021,34.53
2023-06-03,2023,6,Summer,Cabbage,Chittagong,29.15,73.8,1499,995,29.93
2023-06-03,2023,6,Summer,Potato,Dhaka,35.67,141.4,4033,3485,35.96
2023-06-03,2023,6,Summer,Eggplant,Dhaka,43.27,100.0,4658,4279,42.71
2023-06-04,2023,6,Summer,Cauliflower,Dhaka,44.34,79.5,4770,1151,46.11
2023-06-04,2023,6,Summer,Eggplant,Dhaka,42.7,55.5,1750,946,42.83
2023-06-05,2023,6,Summer,Cauliflower,Rangpur,36.73,101.5,4849,3957,36.76
2023-06-06,2023,6,Summer,Cauliflower,Rajshahi,38.92,127.9,3172,802,38.54
2023-06-06,2023,6,Summer,Onion,Chittagong,35.48,83.1,2908,2503,37.1
2023-06-06,2023,6,Summer,Cauliflower,Barisal,41.58,66.9,2282,1808,40.43
2023-06-07,2023,6,Summer,Potato,Rajshahi,30.32,127.1,4313,4497,31.37
2023-06-07,2023,6,Summer,Cabbage,Rangpur,21.04,149.1,2962,3184,21.25
2023-06-08,2023,6,Summer,Rice,Rajshahi,62.21,109.7,4168,3361,61.5
2023-06-08,2023,6,Summer,Cabbage,Sylhet,26.85,103.6,3312,2297,26.55
2023-06-10,2023,6,Summer,Rice,Barisal,59.72,85.5,2238,1767,56.9
2023-06-11,2023,6,Summer,Eggplant,Sylhet,41.75,148.7,3678,2966,43.91
2023-06-11,2023,6,Summer,Rice,Chittagong,62.28,116.2,2989,3286,62.64
2023-06-11,2023,6,Summer,Potato,Barisal,27.53,62.1,1823,4044,28.56
2023-06-11,2023,6,Summer,Eggplant,Mymensingh,34.66,145.8,1828,3620,33.3
2023-06-11,2023,6,Summer,Wheat,Sylhet,53.48,85.3,2618,2460,53.02
2023-06-11,2023,6,Summer,Onion,Rajshahi,34.73,118.6,4246,2108,34.9
2023-06-12,2023,6,Summer,Cauliflower,Barisal,40.89,88.7,4172,2185,40.17
2023-06-13,2023,6,Summer,Cabbage,Barisal,21.81,71.5,4127,2178,22.71
2023-06-14,2023,6,Summer,Tomato,Sylhet,46.31,56.2,4212,2008,47.72
2023-06-14,2023,6,Summer,Eggplant,Barisal,37.55,126.7,2664,4033,39.39
2023-06-15,2023,6,Summer,Onion,Rajshahi,34.64,55.2,2968,4380,35.09
2023-06-17,2023,6,Summer,Eggplant,Rangpur,32.9,139.5,3027,967,33.09
2023-06-19,2023,6,Summer,Wheat,Mymensingh,41.78,83.1,2139,1006,41.75
2023-06-20,2023,6,Summer,Wheat,Rajshahi,44.41,55.9,4860,4258,45.98
2023-06-21,2023,6,Summer,Wheat,Rajshahi,48.74,60.8,1105,2077,48.37
2023-06-21,2023,6,Summer,Cabbage,Sylhet,26.83,98.4,1315,2279,27.51
2023-06-21,2023,6,Summer,Wheat,Barisal,40.57,76.5,2022,3639,42.4
2023-06-22,2023,6,Summer,Potato,Mymensingh,30.33,128.0,1530,3316,30.53
2023-06-22,2023,6,Summer,Wheat,Barisal,49.24,83.9,3436,4257,46.94
2023-06-22,2023,6,Summer,Rice,Rangpur,57.6,110.0,1611,1164,55.08
2023-06-23,2023,6,Summer,Wheat,Sylhet,52.09,113.3,2372,1182,50.48
2023-06-24,2023,6,Summer,Onion,Rangpur,30.61,129.5,4360,3943,31.62
2023-06-24,2023,6,Summer,Tomato,Barisal,46.17,62.7,1421,2461,44.75
2023-06-24,2023,6,Summer,Wheat,Dhaka,57.77,93.5,4768,2658,55.94
2023-06-25,2023,6,Summer,Wheat,Mymensingh,48.56,114.5,2356,3117,46.35
2023-06-27,2023,6,Summer,Eggplant,Barisal,37.72,117.6,4553,3752,37.05
2023-06-27,2023,6,Summer,Potato,Mymensingh,28.02,68.7,4448,2647,27.69
2023-06-28,2023,6,Summer,Rice,Sylhet,60.43,117.7,2744,3825,62.84
2023-06-29,2023,6,Summer,Wheat,Rangpur,41.46,74.1,4738,3188,42.99
2023-06-29,2023,6,Summer,Onion,Rajshahi,34.64,137.6,2498,2974,34.63
2023-06-29,2023,6,Summer,Wheat,Khulna,43.93,83.5,3210,1265,43.28
2023-06-29,2023,6,Summer,Potato,Rajshahi,26.95,54.1,2296,3153,28.0
2023-07-01,2023,7,Monsoon,Cauliflower,Dhaka,36.58,317.3,4756,1380,35.6
2023-07-01,2023,7,Monsoon,Potato,Rajshahi,22.28,331.5,3482,4415,22.68
2023-07-02,2023,7,Monsoon,Tomato,Chittagong,48.11,245.5,2059,2469,48.65
2023-07-02,2023,7,Monsoon,Eggplant,Barisal,33.88,378.9,2102,1548,32.43
2023-07-02,2023,7,Monsoon,Eggplant,Chittagong,37.63,353.7,1894,3314,37.1
2023-07-03,2023,7,Monsoon,Wheat,Chittagong,57.88,248.2,3538,2956,59.35
2023-07-04,2023,7,Monsoon,Onion,Barisal,36.91,297.3,1927,1363,38.23
2023-07-04,2023,7,Monsoon,Eggplant,Chittagong,38.94,356.5,2424,2515,40.97
2023-07-05,2023,7,Monsoon,Rice,Barisal,61.18,393.5,3439,4165,63.37
2023-07-07,2023,7,Monsoon,Cauliflower,Chittagong,35.32,244.7,4569,2057,35.6
2023-07-07,2023,7,Monsoon,Tomato,Rangpur,38.18,315.3,1221,2953,37.07
2023-07-08,2023,7,Monsoon,Rice,Sylhet,73.12,295.5,4367,1067,73.85
2023-07-09,2023,7,Monsoon,Potato,Mymensingh,22.68,249.6,2068,2371,23.3
2023-07-11,2023,7,Monsoon,Wheat,Barisal,47.41,305.2,3078,4021,45.2
2023-07-11,2023,7,Monsoon,Tomato,Sylhet,47.18,229.7,3515,3336,46.63
2023-07-12,2023,7,Monsoon,Eggplant,Sylhet,37.11,207.6,1230,1752,36.74
2023-07-12,2023,7,Monsoon,Cabbage,Barisal,20.65,230.9,4574,3544,21.45
2023-07-13,2023,7,Monsoon,Onion,Rangpur,33.35,355.1,1178,2103,32.55
2023-07-14,2023,7,Monsoon,Eggplant,Rajshahi,35.48,255.7,2023,4381,34.04
2023-07-14,2023,7,Monsoon,Tomato,Rajshahi,41.74,380.7,3647,961,42.55
2023-07-14,2023,7,Monsoon,Onion,Khulna,38.98,389.5,3287,3868,38.75
2023-07-17,2023,7,Monsoon,Cauliflower,Chittagong,38.38,390.2,3826,1558,39.6
2023-07-17,2023,7,Monsoon,Potato,Rangpur,25.36,303.1,1355,2441,24.94
2023-07-17,2023,7,Monsoon,Potato,Dhaka,30.92,397.7,2783,1627,29.46
2023-07-18,2023,7,Monsoon,Cauliflower,Barisal,32.67,295.8,2943,4065,34.26
2023-07-19,2023,7,Monsoon,Rice,Khulna,65.42,334.8,2473,1779,64.42
2023-07-20,2023,7,Monsoon,Cauliflower,Khulna,34.05,366.7,3045,3055,33.53
2023-07-22,2023,7,Monsoon,Eggplant,Barisal,31.88,334.3,1960,1209,32.58
2023-07-23,2023,7,Monsoon,Cabbage,Dhaka,22.81,227.4,2364,4093,22.87
2023-07-23,2023,7,Monsoon,Eggplant,Chittagong,41.01,396.4,2936,2393,40.28
2023-07-24,2023,7,Monsoon,Potato,Rangpur,22.02,298.1,4370,4184,22.46
2023-07-26,2023,7,Monsoon,Cauliflower,Rangpur,30.25,207.9,3033,1650,29.69
2023-07-27,2023,7,Monsoon,Potato,Rajshahi,23.21,304.1,1476,3586,23.91
2023-08-01,2023,8,Monsoon,Onion,Sylhet,40.93,231.4,1711,3060,42.75
2023-08-01,2023,8,Monsoon,Rice,Rajshahi,57.73,330.7,1150,1395,55.76
2023-08-02,2023,8,Monsoon,Eggplant,Chittagong,40.9,327.8,2478,3085,39.93
2023-08-04,2023,8,Monsoon,Potato,Rangpur,20.53,208.6,3349,3226,21.25
2023-08-05,2023,8,Monsoon,Onion,Sylhet,42.23,334.3,2529,2594,40.61
2023-08-05,2023,8,Monsoon,Potato,Sylhet,26.82,224.0,3037,3859,27.01
2023-08-05,2023,8,Monsoon,Onion,Sylhet,42.69,324.6,1578,3647,41.86
2023-08-07,2023,8,Monsoon,Potato,Rangpur,25.0,288.5,1889,1155,24.05
2023-08-07,2023,8,Monsoon,Rice,Rajshahi,57.58,224.1,1578,3902,58.07
2023-08-11,2023,8,Monsoon,Wheat,Barisal,53.7,234.6,4382,4482,52.7
2023-08-12,2023,8,Monsoon,Eggplant,Dhaka,39.29,269.2,1984,3430,38.85
2023-08-13,2023,8,Monsoon,Cabbage,Barisal,21.39,398.3,1711,1521,21.97
2023-08-13,2023,8,Monsoon,Tomato,Sylhet,46.49,204.7,1376,1032,44.54
2023-08-14,2023,8,Monsoon,Rice,Chittagong,75.13,211.8,1276,928,72.52
2023-08-14,2023,8,Monsoon,Wheat,Mymensingh,49.76,210.9,2785,1393,51.21
2023-08-15,2023,8,Monsoon,Cabbage,Khulna,21.19,316.3,2938,3067,21.12
2023-08-16,2023,8,Monsoon,Onion,Mymensingh,33.74,364.1,4568,1732,34.7
2023-08-16,2023,8,Monsoon,Potato,Khulna,26.7,274.4,3581,3440,27.86
2023-08-17,2023,8,Monsoon,Rice,Dhaka,79.19,292.6,3945,3030,79.8
2023-08-17,2023,8,Monsoon,Potato,Rangpur,23.16,337.7,1521,1527,22.64
2023-08-17,2023,8,Monsoon,Eggplant,Barisal,34.65,324.0,2937,3735,34.11
2023-08-18,2023,8,Monsoon,Cabbage,Khulna,22.47,359.4,3851,1978,22.04
2023-08-19,2023,8,Monsoon,Tomato,Rajshahi,46.41,382.9,3303,2490,44.34
2023-08-19,2023,8,Monsoon,Cauliflower,Khulna,35.29,392.9,2204,2638,36.47
2023-08-20,2023,8,Monsoon,Potato,Rangpur,23.43,315.6,4468,3793,24.06
2023-08-23,2023,8,Monsoon,Onion,Khulna,39.55,271.2,4190,1236,41.11
2023-08-24,2023,8,Monsoon,Wheat,Sylhet,56.41,237.4,2483,3265,55.21
2023-08-24,2023,8,Monsoon,Cabbage,Rangpur,19.11,203.3,3141,4320,18.36
2023-08-27,2023,8,Monsoon,Cauliflower,Rajshahi,36.46,319.2,2135,4316,34.78
2023-08-29,2023,8,Monsoon,Tomato,Khulna,49.03,229.5,1189,1802,46.77
2023-08-29,2023,8,Monsoon,Eggplant,Barisal,32.34,349.4,4679,2134,33.24
2023-08-30,2023,8,Monsoon,Rice,Chittagong,72.29,231.9,3810,2858,69.36
2023-08-30,2023,8,Monsoon,Onion,Chittagong,48.25,395.4,3535,2282,46.56
2023-08-30,2023,8,Monsoon,Eggplant,Khulna,34.03,336.9,2876,1151,35.78
2023-08-31,2023,8,Monsoon,Potato,Rangpur,22.51,242.7,2642,4496,23.55
2023-08-31,2023,8,Monsoon,Cabbage,Barisal,21.56,398.5,2209,889,20.58
2023-09-01,2023,9,Monsoon,Cauliflower,Dhaka,37.35,210.5,4038,2524,37.25
2023-09-02,2023,9,Monsoon,Tomato,Chittagong,45.07,338.7,3092,2391,45.44
2023-09-04,2023,9,Monsoon,Onion,Rangpur,38.28,385.2,2040,2274,36.59
2023-09-06,2023,9,Monsoon,Potato,Rangpur,21.3,253.8,2099,2819,22.08
2023-09-06,2023,9,Monsoon,Rice,Dhaka,71.75,338.2,3819,3242,74.31
2023-09-07,2023,9,Monsoon,Potato,Khulna,23.33,353.0,1848,3201,24.01
2023-09-08,2023,9,Monsoon,Wheat,Rangpur,45.96,322.5,1225,2066,45.21
2023-09-10,2023,9,Monsoon,Tomato,Rangpur,42.96,279.9,1898,1366,42.92
2023-09-10,2023,9,Monsoon,Eggplant,Khulna,35.89,227.1,1027,2420,36.5
2023-09-11,2023,9,Monsoon,Tomato,Mymensingh,41.23,254.9,1317,3722,42.13
2023-09-11,2023,9,Monsoon,Tomato,Dhaka,49.99,269.7,4345,1156,50.3
2023-09-11,2023,9,Monsoon,Onion,Sylhet,41.7,382.1,1268,4359,42.53
2023-09-12,2023,9,Monsoon,Tomato,Rajshahi,45.99,221.6,4572,958,44.4
2023-09-12,2023,9,Monsoon,Onion,Barisal,33.58,220.5,3061,3211,34.24
2023-09-12,2023,9,Monsoon,Eggplant,Barisal,36.13,328.3,1608,4236,34.99
2023-09-13,2023,9,Monsoon,Wheat,Mymensingh,47.39,292.9,3175,3089,46.94
2023-09-14,2023,9,Monsoon,Rice,Mymensingh,61.61,311.8,3223,3655,61.67
2023-09-15,2023,9,Monsoon,Wheat,Khulna,50.71,220.6,1261,4399,50.85
2023-09-16,2023,9,Monsoon,Tomato,Sylhet,45.87,275.3,2428,2680,47.04
2023-09-16,2023,9,Monsoon,Potato,Sylhet,27.43,251.4,4036,1256,27.15
2023-09-17,2023,9,Monsoon,Eggplant,Sylhet,36.35,377.5,4537,3530,37.41
2023-09-17,2023,9,Monsoon,Rice,Mymensingh,59.87,299.7,4307,823,59.23
2023-09-18,2023,9,Monsoon,Rice,Khulna,61.91,209.1,2411,3668,64.73
2023-09-18,2023,9,Monsoon,Wheat,Dhaka,56.01,332.3,1735,4020,57.85
2023-09-19,2023,9,Monsoon,Rice,Dhaka,77.12,330.7,1080,997,75.68
2023-09-20,2023,9,Monsoon,Wheat,Dhaka,59.24,287.6,2718,1481,57.05
2023-09-20,2023,9,Monsoon,Onion,Mymensingh,37.96,259.2,2901,1005,39.54
2023-09-20,2023,9,Monsoon,Wheat,Chittagong,60.49,210.4,4813,1761,60.67
2023-09-21,2023,9,Monsoon,Potato,Chittagong,29.07,212.5,2591,2162,27.7
2023-09-22,2023,9,Monsoon,Cauliflower,Rangpur,30.39,383.5,2353,4030,29.33
2023-09-22,2023,9,Monsoon,Tomato,Rajshahi,42.02,298.3,4803,1621,41.56
2023-09-23,2023,9,Monsoon,Cabbage,Rangpur,20.1,207.1,3900,3143,19.48
2023-09-24,2023,9,Monsoon,Onion,Mymensingh,33.88,257.6,4463,993,35.12
2023-09-24,2023,9,Monsoon,Cauliflower,Rajshahi,32.6,341.4,3726,2098,31.11
2023-09-25,2023,9,Monsoon,Onion,Barisal,33.12,279.2,3751,3443,33.8
2023-09-25,2023,9,Monsoon,Wheat,Chittagong,55.68,377.6,1659,3798,58.15
2023-09-25,2023,9,Monsoon,Cauliflower,Dhaka,41.99,335.6,4143,3845,41.67
2023-09-26,2023,9,Monsoon,Onion,Dhaka,47.33,389.7,2630,2875,48.36
2023-09-26,2023,9,Monsoon,Tomato,Mymensingh,36.89,333.2,2178,2508,38.11
2023-09-27,2023,9,Monsoon,Potato,Chittagong,31.51,259.7,3617,2879,31.17
2023-09-27,2023,9,Monsoon,Onion,Sylhet,36.84,334.7,4363,2200,38.47
2023-09-28,2023,9,Monsoon,Eggplant,Sylhet,42.8,369.2,1378,3398,43.13
2023-09-28,2023,9,Monsoon,Cabbage,Mymensingh,20.71,294.6,1705,1928,20.91
2023-09-28,2023,9,Monsoon,Cauliflower,Khulna,31.21,241.4,4718,4041,31.65
2023-09-29,2023,9,Monsoon,Rice,Chittagong,71.15,269.1,4221,2084,71.61
2023-09-29,2023,9,Monsoon,Cauliflower,Rangpur,33.45,370.4,4491,3562,32.29
2023-09-29,2023,9,Monsoon,Onion,Rangpur,35.9,206.1,4641,3368,35.74
2023-10-01,2023,10,Monsoon,Cauliflower,Sylhet,37.72,314.6,2071,3477,38.26
2023-10-01,2023,10,Monsoon,Wheat,Rajshahi,59.52,357.1,4763,1042,56.73
2023-10-03,2023,10,Monsoon,Cabbage,Chittagong,23.43,242.3,4374,2467,22.88
2023-10-04,2023,10,Monsoon,Wheat,Rajshahi,47.72,286.2,3281,3072,47.66
2023-10-04,2023,10,Monsoon,Onion,Barisal,31.86,338.4,1244,1949,33.06
2023-10-04,2023,10,Monsoon,Onion,Chittagong,43.81,267.1,4818,1024,43.75
2023-10-05,2023,10,Monsoon,Rice,Mymensingh,59.91,201.7,2591,3504,61.31
2023-10-06,2023,10,Monsoon,Cauliflower,Barisal,34.22,216.1,1617,1747,34.62
2023-10-07,2023,10,Monsoon,Potato,Sylhet,30.28,388.8,4962,4103,30.91
2023-10-07,2023,10,Monsoon,Onion,Chittagong,41.81,222.2,3777,3579,41.42
2023-10-07,2023,10,Monsoon,Cabbage,Barisal,20.35,320.6,2656,2784,20.33
2023-10-08,2023,10,Monsoon,Tomato,Chittagong,51.16,308.6,4669,2416,49.58
2023-10-09,2023,10,Monsoon,Tomato,Dhaka,53.36,339.6,2763,4102,51.11
2023-10-11,2023,10,Monsoon,Rice,Dhaka,72.89,226.2,2072,1461,71.17
2023-10-11,2023,10,Monsoon,Tomato,Sylhet,43.02,303.5,1984,4485,45.01
2023-10-12,2023,10,Monsoon,Potato,Rangpur,24.08,298.3,1373,2725,24.45
2023-10-12,2023,10,Monsoon,Wheat,Sylhet,52.3,384.2,4990,4109,54.17
2023-10-12,2023,10,Monsoon,Potato,Dhaka,34.45,297.2,1081,1026,33.25
2023-10-13,2023,10,Monsoon,Onion,Rangpur,37.86,394.9,4352,3346,37.43
2023-10-13,2023,10,Monsoon,Tomato,Rajshahi,39.24,369.2,1023,2153,39.37
2023-10-14,2023,10,Monsoon,Rice,Barisal,54.84,288.9,1967,4303,55.6
2023-10-15,2023,10,Monsoon,Rice,Mymensingh,57.53,353.4,1953,1453,59.93
2023-10-16,2023,10,Monsoon,Cauliflower,Mymensingh,31.03,384.2,1667,1219,31.93
2023-10-16,2023,10,Monsoon,Potato,Dhaka,34.51,219.7,1876,2865,33.34
2023-10-17,2023,10,Monsoon,Eggplant,Chittagong,42.84,384.8,4226,4040,42.31
2023-10-17,2023,10,Monsoon,Onion,Rangpur,34.36,358.5,1117,1988,32.8
2023-10-18,2023,10,Monsoon,Onion,Rajshahi,33.63,322.7,2387,3014,33.82
2023-10-19,2023,10,Monsoon,Rice,Rangpur,54.39,370.8,4194,1677,52.51
2023-10-19,2023,10,Monsoon,Potato,Mymensingh,26.56,272.0,1146,1181,25.87
2023-10-19,2023,10,Monsoon,Onion,Rangpur,33.15,323.4,4645,3906,33.31
2023-10-19,2023,10,Monsoon,Eggplant,Rajshahi,34.92,232.2,3192,1968,36.07
2023-10-22,2023,10,Monsoon,Onion,Chittagong,43.88,219.7,3595,3683,42.3
2023-10-22,2023,10,Monsoon,Cauliflower,Sylhet,39.19,381.6,1366,3471,38.9
2023-10-22,2023,10,Monsoon,Eggplant,Rangpur,32.46,371.3,3457,1682,30.93
2023-10-24,2023,10,Monsoon,Onion,Rajshahi,36.69,393.5,3706,1582,37.44
2023-10-26,2023,10,Monsoon,Wheat,Rangpur,49.88,227.8,2240,1791,51.14
2023-10-26,2023,10,Monsoon,Cauliflower,Chittagong,35.78,232.8,1575,4166,35.02
2023-10-26,2023,10,Monsoon,Rice,Sylhet,71.09,225.4,1314,4287,69.13
2023-10-26,2023,10,Monsoon,Wheat,Khulna,59.31,236.6,1387,3252,57.85
2023-10-30,2023,10,Monsoon,Wheat,Dhaka,65.88,375.3,3531,1336,65.25
2023-10-30,2023,10,Monsoon,Onion,Chittagong,39.87,230.8,3915,4010,39.34
2023-11-01,2023,11,Winter,Tomato,Khulna,39.94,44.2,2965,2228,39.7
2023-11-02,2023,11,Winter,Cabbage,Dhaka,22.12,20.6,1820,2203,22.32
2023-11-03,2023,11,Winter,Cauliflower,Mymensingh,24.38,31.0,4341,868,24.71
2023-11-04,2023,11,Winter,Tomato,Dhaka,45.07,51.4,4011,1517,44.51
2023-11-04,2023,11,Winter,Cabbage,Rangpur,15.22,68.1,1263,3396,15.68
2023-11-04,2023,11,Winter,Onion,Rangpur,35.38,13.3,1313,984,35.33
2023-11-05,2023,11,Winter,Wheat,Dhaka,48.04,40.0,2517,1082,48.01
2023-11-05,2023,11,Winter,Eggplant,Khulna,33.28,59.4,2943,1875,34.5
2023-11-06,2023,11,Winter,Rice,Rajshahi,51.41,78.2,3266,1996,50.41
2023-11-06,2023,11,Winter,Cauliflower,Rajshahi,26.93,61.3,2789,4043,26.56
2023-11-06,2023,11,Winter,Rice,Sylhet,67.62,25.0,2289,888,65.83
2023-11-06,2023,11,Winter,Onion,Sylhet,40.12,36.2,1153,3985,41.35
2023-11-07,2023,11,Winter,Wheat,Rajshahi,42.2,50.6,1701,3498,41.68
2023-11-08,2023,11,Winter,Wheat,Khulna,47.21,16.8,3970,1746,47.06
2023-11-08,2023,11,Winter,Cabbage,Barisal,18.09,50.8,3504,2890,18.27
2023-11-09,2023,11,Winter,Potato,Mymensingh,22.45,62.3,1099,2663,22.53
2023-11-11,2023,11,Winter,Wheat,Mymensingh,42.29,68.5,1261,4149,40.99
2023-11-12,2023,11,Winter,Cauliflower,Rangpur,22.58,31.3,1000,2943,21.89
2023-11-13,2023,11,Winter,Eggplant,Sylhet,37.26,18.2,1538,1630,39.21
2023-11-13,2023,11,Winter,Cauliflower,Chittagong,26.92,26.5,2812,2391,28.31
2023-11-14,2023,11,Winter,Cabbage,Mymensingh,15.78,62.7,1782,1971,16.01
2023-11-15,2023,11,Winter,Rice,Rangpur,45.84,79.5,4739,1264,46.02
2023-11-16,2023,11,Winter,Cauliflower,Rajshahi,24.97,13.0,4839,3051,24.92
2023-11-16,2023,11,Winter,Rice,Sylhet,60.48,24.7,1821,1588,61.8
2023-11-17,2023,11,Winter,Cauliflower,Barisal,25.93,19.2,2517,2909,25.77
2023-11-17,2023,11,Winter,Onion,Rajshahi,38.22,46.0,3042,4400,38.97
2023-11-17,2023,11,Winter,Cauliflower,Rangpur,23.74,62.1,4831,2532,24.43
2023-11-18,2023,11,Winter,Tomato,Khulna,41.98,11.8,1762,2844,41.91
2023-11-19,2023,11,Winter,Onion,Mymensingh,36.5,74.0,2879,1385,37.38
2023-11-19,2023,11,Winter,Rice,Khulna,56.1,62.7,3919,4162,56.68
2023-11-19,2023,11,Winter,Cauliflower,Barisal,22.72,54.3,4383,3773,23.13
2023-11-19,2023,11,Winter,Rice,Sylhet,58.85,44.8,1973,2322,59.13
2023-11-20,2023,11,Winter,Wheat,Dhaka,49.44,79.9,1409,1100,49.25
2023-11-21,2023,11,Winter,Tomato,Sylhet,43.53,37.7,4635,2622,42.34
2023-11-22,2023,11,Winter,Cauliflower,Dhaka,29.54,34.6,3325,3108,30.64
2023-11-22,2023,11,Winter,Cabbage,Rangpur,15.9,48.2,3713,1510,15.94
2023-11-23,2023,11,Winter,Onion,Mymensingh,33.73,41.5,1577,1196,35.32
2023-11-23,2023,11,Winter,Cabbage,Rangpur,15.14,36.4,4090,3003,15.18
2023-11-26,2023,11,Winter,Onion,Rangpur,40.36,32.4,4383,1119,40.07
2023-11-27,2023,11,Winter,Cauliflower,Rangpur,23.47,63.1,4454,3054,24.54
2023-11-29,2023,11,Winter,Eggplant,Mymensingh,29.81,43.3,2439,2760,29.93
2023-11-30,2023,11,Winter,Cabbage,Sylhet,20.23,37.5,1466,3109,20.86
2023-11-30,2023,11,Winter,Cauliflower,Sylhet,27.15,28.4,2103,2730,25.96
2023-12-01,2023,12,Winter,Cabbage,Chittagong,18.72,40.6,4905,4267,19.22
2023-12-01,2023,12,Winter,Cauliflower,Mymensingh,23.4,15.2,1830,1357,22.76
2023-12-01,2023,12,Winter,Onion,Rajshahi,36.47,61.2,2609,2625,35.57
2023-12-01,2023,12,Winter,Rice,Khulna,55.51,25.6,4832,3942,56.77
2023-12-01,2023,12,Winter,Eggplant,Dhaka,42.76,54.9,1752,3381,43.0
2023-12-02,2023,12,Winter,Cabbage,Khulna,20.37,51.4,1610,3149,19.59
2023-12-02,2023,12,Winter,Eggplant,Chittagong,38.9,42.0,4015,2077,38.19
2023-12-03,2023,12,Winter,Potato,Chittagong,25.37,39.6,2482,874,25.72
2023-12-04,2023,12,Winter,Eggplant,Rajshahi,32.74,19.7,3217,3601,31.79
2023-12-05,2023,12,Winter,Cabbage,Mymensingh,16.22,38.4,1755,1563,16.0
2023-12-06,2023,12,Winter,Cauliflower,Sylhet,26.94,42.5,1482,2727,28.2
2023-12-07,2023,12,Winter,Potato,Dhaka,26.21,33.7,3632,1517,25.37
2023-12-08,2023,12,Winter,Cauliflower,Chittagong,29.63,33.1,3841,2829,30.27
2023-12-09,2023,12,Winter,Tomato,Barisal,33.92,49.0,4317,1855,34.46
2023-12-09,2023,12,Winter,Cauliflower,Rangpur,22.11,70.7,4562,3955,22.73
2023-12-12,2023,12,Winter,Cabbage,Rangpur,17.05,15.0,1663,2207,17.53
2023-12-12,2023,12,Winter,Potato,Dhaka,26.17,12.6,3694,4336,26.37
2023-12-13,2023,12,Winter,Wheat,Mymensingh,45.67,19.9,4958,1724,44.08
2023-12-15,2023,12,Winter,Wheat,Sylhet,51.37,66.9,3354,1824,50.39
2023-12-16,2023,12,Winter,Rice,Rangpur,54.38,17.4,4935,2283,53.65
2023-12-18,2023,12,Winter,Wheat,Rajshahi,37.54,59.5,2799,2946,37.45
2023-12-18,2023,12,Winter,Wheat,Rajshahi,45.03,61.8,3113,1514,44.8
2023-12-18,2023,12,Winter,Onion,Mymensingh,42.94,57.0,3077,2029,41.51
2023-12-18,2023,12,Winter,Cauliflower,Rajshahi,24.13,24.7,3870,3880,24.44
2023-12-18,2023,12,Winter,Rice,Dhaka,70.39,71.6,1487,2371,70.74
2023-12-19,2023,12,Winter,Potato,Rajshahi,21.8,19.0,3059,4356,22.81
2023-12-20,2023,12,Winter,Eggplant,Mymensingh,35.52,10.5,4612,1369,35.73
2023-12-20,2023,12,Winter,Rice,Sylhet,62.98,18.1,1686,2700,63.62
2023-12-21,2023,12,Winter,Rice,Chittagong,62.52,68.7,2395,3278,60.88
2023-12-22,2023,12,Winter,Tomato,Rajshahi,36.58,62.5,4577,1900,35.75
2023-12-26,2023,12,Winter,Rice,Rajshahi,55.19,49.6,2641,1085,57.24
2023-12-27,2023,12,Winter,Tomato,Rangpur,38.18,76.7,2716,3004,37.26
2023-12-27,2023,12,Winter,Eggplant,Rangpur,34.52,72.6,3186,1971,33.26
2023-12-29,2023,12,Winter,Tomato,Rangpur,31.06,77.2,2880,3114,31.88
2023-12-29,2023,12,Winter,Potato,Mymensingh,20.64,54.2,3017,4109,21.32
2023-12-29,2023,12,Winter,Rice,Dhaka,62.43,53.4,2239,2416,61.38
2023-12-31,2023,12,Winter,Cabbage,Dhaka,22.74,28.2,1712,927,21.76
2024-01-02,2024,1,Winter,Onion,Mymensingh,35.75,28.6,1491,1170,37.02
2024-01-03,2024,1,Winter,Rice,Mymensingh,48.49,67.1,4947,3100,48.46
2024-01-03,2024,1,Winter,Wheat,Sylhet,49.95,26.5,3876,3217,50.48
2024-01-06,2024,1,Winter,Onion,Chittagong,42.9,26.0,2185,1126,41.43
2024-01-06,2024,1,Winter,Eggplant,Rangpur,35.67,54.0,2949,3643,34.57
2024-01-07,2024,1,Winter,Eggplant,Rangpur,29.26,69.8,1512,3780,30.06
2024-01-10,2024,1,Winter,Potato,Mymensingh,22.22,63.9,1068,3205,23.22
2024-01-12,2024,1,Winter,Tomato,Rajshahi,36.49,66.9,4581,1345,35.98
2024-01-12,2024,1,Winter,Potato,Sylhet,25.07,72.6,3761,3760,26.07
2024-01-13,2024,1,Winter,Tomato,Rangpur,36.17,75.8,1443,3564,37.16
2024-01-14,2024,1,Winter,Potato,Rangpur,19.97,31.6,4682,4060,19.07
2024-01-14,2024,1,Winter,Tomato,Barisal,35.98,49.7,1347,4418,37.67
2024-01-14,2024,1,Winter,Cabbage,Barisal,15.78,34.1,2261,2625,15.21
2024-01-15,2024,1,Winter,Wheat,Khulna,37.91,36.4,3477,3269,39.74
2024-01-18,2024,1,Winter,Rice,Barisal,51.81,47.2,1073,3571,54.51
2024-01-18,2024,1,Winter,Rice,Sylhet,58.91,14.1,2309,2688,56.76
2024-01-19,2024,1,Winter,Cabbage,Rajshahi,16.0,38.8,3792,4046,16.53
2024-01-20,2024,1,Winter,Cabbage,Khulna,16.12,58.3,3569,1794,16.79
2024-01-20,2024,1,Winter,Potato,Rangpur,18.97,18.2,4204,3878,19.34
2024-01-21,2024,1,Winter,Eggplant,Mymensingh,31.12,22.4,3700,4324,30.27
2024-01-22,2024,1,Winter,Eggplant,Khulna,37.59,77.3,2879,3591,37.74
2024-01-24,2024,1,Winter,Tomato,Khulna,39.22,69.0,4178,1029,40.31
2024-01-24,2024,1,Winter,Rice,Rangpur,48.02,64.9,2863,1968,48.39
2024-01-24,2024,1,Winter,Cauliflower,Khulna,25.11,33.6,4603,2352,25.68
2024-01-24,2024,1,Winter,Onion,Khulna,42.17,20.9,1772,4384,41.24
2024-01-24,2024,1,Winter,Cauliflower,Mymensingh,23.9,14.3,1891,4146,24.8
2024-01-24,2024,1,Winter,Cabbage,Khulna,17.72,38.5,4118,2087,18.41
2024-01-25,2024,1,Winter,Wheat,Barisal,44.02,52.3,4305,977,43.03
2024-01-25,2024,1,Winter,Cauliflower,Mymensingh,26.24,12.5,1280,1761,25.9
2024-01-25,2024,1,Winter,Wheat,Barisal,38.9,51.8,1360,1563,40.11
2024-01-25,2024,1,Winter,Cauliflower,Rangpur,23.91,62.0,3432,2996,23.85
2024-01-25,2024,1,Winter,Wheat,Rangpur,38.75,35.0,2438,1031,38.14
2024-01-27,2024,1,Winter,Onion,Rangpur,36.94,20.7,4975,2079,35.49
2024-01-29,2024,1,Winter,Cabbage,Khulna,20.94,73.2,4332,2141,20.07
2024-01-29,2024,1,Winter,Cabbage,Khulna,17.46,77.5,4975,2004,17.54
2024-01-29,2024,1,Winter,Cabbage,Sylhet,21.34,51.8,4873,3968,20.68
2024-01-30,2024,1,Winter,Cabbage,Mymensingh,17.5,78.0,4525,847,17.19
2024-01-30,2024,1,Winter,Rice,Sylhet,60.31,64.5,3968,4491,59.95
2024-01-31,2024,1,Winter,Cauliflower,Rajshahi,24.68,44.8,4785,4065,24.63
2024-01-31,2024,1,Winter,Tomato,Sylhet,38.09,46.2,4155,2335,38.04
2024-02-02,2024,2,Winter,Eggplant,Sylhet,40.55,39.6,4098,2530,39.33
2024-02-03,2024,2,Winter,Cauliflower,Barisal,21.7,10.4,2262,2621,22.01
2024-02-04,2024,2,Winter,Wheat,Barisal,38.96,72.0,2793,3811,40.21
2024-02-04,2024,2,Winter,Cauliflower,Chittagong,29.83,17.0,3765,1643,30.33
2024-02-06,2024,2,Winter,Wheat,Mymensingh,37.72,72.7,2024,4147,38.17
2024-02-06,2024,2,Winter,Potato,Mymensingh,22.36,31.9,4348,1611,21.89
2024-02-07,2024,2,Winter,Tomato,Sylhet,37.52,67.6,1964,2018,38.64
2024-02-07,2024,2,Winter,Rice,Chittagong,62.55,59.3,2285,3205,61.18
2024-02-08,2024,2,Winter,Rice,Chittagong,61.13,19.5,2891,1544,64.01
2024-02-08,2024,2,Winter,Eggplant,Chittagong,37.32,26.8,3287,3884,39.23
2024-02-10,2024,2,Winter,Cauliflower,Khulna,24.95,15.7,1919,915,25.41
2024-02-11,2024,2,Winter,Eggplant,Rajshahi,38.61,77.3,4793,1985,37.21
2024-02-12,2024,2,Winter,Cauliflower,Sylhet,30.24,54.3,4963,3158,29.41
2024-02-15,2024,2,Winter,Rice,Mymensingh,47.89,27.7,1474,3964,48.35
2024-02-15,2024,2,Winter,Cauliflower,Dhaka,26.75,77.5,1021,4094,27.89
2024-02-15,2024,2,Winter,Tomato,Mymensingh,33.06,19.2,3358,3609,33.98
2024-02-18,2024,2,Winter,Rice,Khulna,51.0,78.9,1865,3806,53.56
2024-02-18,2024,2,Winter,Cabbage,Dhaka,21.67,10.0,1372,4043,21.45
2024-02-18,2024,2,Winter,Wheat,Barisal,37.64,24.9,2359,2156,38.17
2024-02-18,2024,2,Winter,Rice,Sylhet,57.26,45.4,3288,1096,57.24
2024-02-19,2024,2,Winter,Cabbage,Sylhet,18.94,11.5,2330,1503,18.39
2024-02-19,2024,2,Winter,Eggplant,Rajshahi,39.1,74.9,1639,817,37.34
2024-02-21,2024,2,Winter,Potato,Khulna,25.69,78.3,4320,1525,24.75
2024-02-21,2024,2,Winter,Onion,Rajshahi,38.5,26.7,1371,865,38.58
2024-02-23,2024,2,Winter,Wheat,Rajshahi,36.45,12.6,3017,1275,37.98
2024-02-24,2024,2,Winter,Wheat,Rajshahi,46.56,55.0,2843,2708,45.74
2024-02-24,2024,2,Winter,Wheat,Sylhet,48.04,23.1,4810,4290,48.56
2024-02-26,2024,2,Winter,Wheat,Barisal,43.79,77.4,1814,3162,43.46
2024-02-27,2024,2,Winter,Potato,Rajshahi,19.76,53.2,2035,1595,20.55
2024-02-27,2024,2,Winter,Onion,Khulna,45.62,14.6,4797,2599,44.0
2024-02-27,2024,2,Winter,Tomato,Sylhet,43.08,28.0,3462,1767,43.49
2024-02-28,2024,2,Winter,Rice,Sylhet,59.14,57.5,3274,2994,62.13
2024-02-29,2024,2,Winter,Cauliflower,Rajshahi,24.43,36.4,4418,4422,24.26
2024-03-01,2024,3,Summer,Wheat,Barisal,45.19,116.5,2533,1425,44.36
2024-03-01,2024,3,Summer,Eggplant,Dhaka,46.38,117.3,2262,3762,48.71
2024-03-01,2024,3,Summer,Cauliflower,Dhaka,49.69,76.6,1166,3807,51.92
2024-03-02,2024,3,Summer,Eggplant,Rangpur,33.82,75.3,3874,1427,34.85
2024-03-02,2024,3,Summer,Eggplant,Mymensingh,34.74,88.0,2468,3304,36.46
2024-03-03,2024,3,Summer,Rice,Dhaka,78.75,123.3,3065,937,79.34
2024-03-04,2024,3,Summer,Potato,Rangpur,31.77,91.0,4174,3304,30.49
2024-03-05,2024,3,Summer,Potato,Rangpur,31.62,133.4,3521,2471,30.29
2024-03-06,2024,3,Summer,Cabbage,Dhaka,31.86,126.6,2558,2753,33.52
2024-03-06,2024,3,Summer,Eggplant,Dhaka,44.94,56.3,4570,4084,46.18
2024-03-07,2024,3,Summer,Tomato,Chittagong,53.24,124.9,1213,2233,54.75
2024-03-08,2024,3,Summer,Rice,Chittagong,60.72,64.5,3745,1031,62.6
2024-03-09,2024,3,Summer,Rice,Sylhet,67.29,85.2,3367,2878,69.28
2024-03-10,2024,3,Summer,Tomato,Mymensingh,49.73,69.9,2575,4295,49.81
2024-03-10,2024,3,Summer,Cabbage,Rajshahi,27.06,109.8,1588,1651,27.6
2024-03-11,2024,3,Summer,Cauliflower,Barisal,39.13,77.1,2029,1744,40.67
2024-03-12,2024,3,Summer,Wheat,Mymensingh,46.69,94.4,4683,1130,47.54
2024-03-13,2024,3,Summer,Eggplant,Dhaka,54.32,144.2,3749,2361,52.81
2024-03-13,2024,3,Summer,Onion,Barisal,36.38,115.2,2236,2867,35.31
2024-03-15,2024,3,Summer,Wheat,Chittagong,47.25,97.7,1543,3231,48.58
2024-03-15,2024,3,Summer,Cabbage,Rangpur,26.0,88.3,1154,2986,26.81
2024-03-17,2024,3,Summer,Cauliflower,Rangpur,38.18,136.4,1221,3558,37.6
2024-03-18,2024,3,Summer,Cabbage,Dhaka,32.62,138.3,2841,3225,32.85
2024-03-19,2024,3,Summer,Cabbage,Mymensingh,22.32,118.3,1707,2249,22.98
2024-03-19,2024,3,Summer,Cauliflower,Khulna,42.54,75.1,3110,2656,41.82
2024-03-20,2024,3,Summer,Potato,Dhaka,35.33,70.6,1778,2476,34.65
2024-03-20,2024,3,Summer,Potato,Barisal,32.0,99.0,4072,1571,33.11
2024-03-20,2024,3,Summer,Rice,Khulna,62.45,64.8,1616,3857,61.31
2024-03-21,2024,3,Summer,Tomato,Dhaka,54.42,113.8,2488,2901,52.83
2024-03-21,2024,3,Summer,Rice,Sylhet,77.3,94.9,3779,2093,73.89
2024-03-22,2024,3,Summer,Cabbage,Chittagong,31.22,50.3,4908,3623,30.26
2024-03-22,2024,3,Summer,Cabbage,Dhaka,30.36,77.3,1119,1858,29.51
2024-03-23,2024,3,Summer,Wheat,Khulna,51.81,138.5,4811,909,52.25
2024-03-24,2024,3,Summer,Rice,Rangpur,55.83,122.0,4971,2619,55.22
2024-03-25,2024,3,Summer,Wheat,Mymensingh,47.44,120.0,4861,1915,47.44
2024-03-26,2024,3,Summer,Eggplant,Sylhet,44.02,76.9,1252,1419,42.94
2024-03-26,2024,3,Summer,Cabbage,Sylhet,30.47,78.6,1681,2530,31.11
2024-03-27,2024,3,Summer,Rice,Barisal,62.25,59.0,2208,2138,60.75
2024-03-27,2024,3,Summer,Rice,Khulna,61.4,87.4,4103,3783,59.31
2024-03-28,2024,3,Summer,Tomato,Sylhet,55.08,85.2,1303,2071,55.29
2024-03-28,2024,3,Summer,Tomato,Chittagong,51.55,57.0,3980,1826,50.16
2024-03-29,2024,3,Summer,Wheat,Dhaka,60.78,104.1,1060,1182,58.29
2024-03-29,2024,3,Summer,Cabbage,Mymensingh,26.77,124.4,2944,2643,27.43
2024-03-30,2024,3,Summer,Potato,Sylhet,37.49,54.6,4261,1029,38.28
2024-03-30,2024,3,Summer,Onion,Rangpur,30.0,135.5,1773,4309,31.35
2024-03-31,2024,3,Summer,Potato,Sylhet,39.87,57.0,1445,3607,38.66
2024-04-02,2024,4,Summer,Eggplant,Barisal,39.07,126.3,2545,2665,37.45
2024-04-02,2024,4,Summer,Onion,Khulna,39.25,81.7,3335,4053,37.69
2024-04-03,2024,4,Summer,Cabbage,Dhaka,32.94,148.3,3440,866,32.88
2024-04-04,2024,4,Summer,Onion,Khulna,33.93,130.9,2921,4220,35.0
2024-04-05,2024,4,Summer,Cauliflower,Barisal,38.31,57.7,1563,2968,38.83
2024-04-07,2024,4,Summer,Wheat,Khulna,45.3,83.8,3409,3068,46.56
2024-04-08,2024,4,Summer,Onion,Chittagong,37.81,130.4,1572,1297,39.75
2024-04-08,2024,4,Summer,Wheat,Chittagong,58.9,72.2,2398,2254,57.02
2024-04-09,2024,4,Summer,Rice,Rangpur,58.78,138.3,3538,4309,59.59
2024-04-09,2024,4,Summer,Eggplant,Barisal,37.38,146.1,4269,2006,38.18
2024-04-09,2024,4,Summer,Tomato,Dhaka,54.99,54.4,3549,2655,55.97
2024-04-10,2024,4,Summer,Wheat,Khulna,52.15,109.7,1087,1007,50.7
2024-04-11,2024,4,Summer,Tomato,Mymensingh,48.44,144.7,1588,4327,46.6
2024-04-12,2024,4,Summer,Rice,Rajshahi,58.86,115.5,1632,1106,59.04
2024-04-12,2024,4,Summer,Potato,Rajshahi,31.64,111.3,1665,2409,30.16
2024-04-12,2024,4,Summer,Rice,Barisal,60.64,77.4,4373,2701,60.61
2024-04-12,2024,4,Summer,Tomato,Rangpur,48.92,97.8,2727,3457,47.1
2024-04-12,2024,4,Summer,Cabbage,Sylhet,30.7,98.2,1930,4096,32.01
2024-04-13,2024,4,Summer,Rice,Sylhet,63.1,129.1,4628,971,64.29
2024-04-13,2024,4,Summer,Onion,Barisal,31.94,91.4,4795,3393,30.9
2024-04-13,2024,4,Summer,Rice,Dhaka,68.38,102.9,2366,2806,69.12
2024-04-15,2024,4,Summer,Potato,Rangpur,28.01,102.2,3664,1906,27.69
2024-04-16,2024,4,Summer,Potato,Barisal,29.45,122.0,3000,1553,28.27
2024-04-17,2024,4,Summer,Tomato,Mymensingh,46.42,50.9,4295,2705,44.63
2024-04-17,2024,4,Summer,Onion,Khulna,36.79,117.8,1736,2083,36.62
2024-04-18,2024,4,Summer,Eggplant,Barisal,41.6,98.7,1445,1519,41.0
2024-04-19,2024,4,Summer,Rice,Barisal,52.16,125.1,1598,1029,53.41
2024-04-21,2024,4,Summer,Tomato,Sylhet,51.08,105.3,1032,2311,52.66
2024-04-21,2024,4,Summer,Eggplant,Rangpur,35.91,84.4,4630,2008,35.54
2024-04-22,2024,4,Summer,Tomato,Rangpur,47.8,50.7,3713,4254,46.23
2024-04-23,2024,4,Summer,Tomato,Mymensingh,43.95,144.8,3208,1525,43.55
2024-04-24,2024,4,Summer,Cabbage,Chittagong,33.27,97.8,1608,1323,32.67
2024-04-25,2024,4,Summer,Cauliflower,Khulna,40.58,91.4,3304,4339,41.74
2024-04-25,2024,4,Summer,Eggplant,Dhaka,46.24,114.9,1422,3682,44.17
2024-04-27,2024,4,Summer,Onion,Khulna,37.96,109.6,4225,1135,37.86
2024-04-27,2024,4,Summer,Potato,Chittagong,37.77,77.4,3158,2494,37.68
2024-04-27,2024,4,Summer,Rice,Khulna,63.05,63.1,1705,3391,66.02
2024-04-29,2024,4,Summer,Wheat,Sylhet,55.15,97.1,4665,3507,56.48
2024-04-30,2024,4,Summer,Wheat,Chittagong,59.43,59.3,1395,3849,58.04
2024-04-30,2024,4,Summer,Cauliflower,Barisal,37.49,139.4,4067,4203,36.8
2024-05-01,2024,5,Summer,Onion,Mymensingh,31.12,89.5,4497,3725,32.64
2024-05-01,2024,5,Summer,Tomato,Barisal,41.16,131.7,2241,2073,42.08
2024-05-01,2024,5,Summer,Cauliflower,Rajshahi,39.68,145.8,1740,4219,40.26
2024-05-02,2024,5,Summer,Rice,Rangpur,55.54,89.9,2779,3969,54.46
2024-05-02,2024,5,Summer,Cauliflower,Rajshahi,36.41,117.4,3752,1230,36.79
2024-05-03,2024,5,Summer,Tomato,Dhaka,63.12,129.8,3445,1747,61.3
2024-05-03,2024,5,Summer,Potato,Mymensingh,31.97,87.4,4490,2387,32.0
2024-05-04,2024,5,Summer,Rice,Barisal,59.96,118.6,1715,2672,57.23
2024-05-05,2024,5,Summer,Onion,Khulna,38.11,77.1,3302,3651,39.0
2024-05-06,2024,5,Summer,Cauliflower,Sylhet,50.49,63.9,2810,4444,48.14
2024-05-07,2024,5,Summer,Cauliflower,Khulna,39.97,117.2,4714,1252,38.67
2024-05-08,2024,5,Summer,Cabbage,Barisal,26.29,124.1,4119,4229,25.78
2024-05-08,2024,5,Summer,Wheat,Barisal,46.27,80.3,1226,3389,44.08
2024-05-09,2024,5,Summer,Eggplant,Khulna,42.07,64.5,1780,3255,42.04
2024-05-10,2024,5,Summer,Tomato,Sylhet,59.16,133.3,2213,1731,59.99
2024-05-10,2024,5,Summer,Tomato,Rangpur,48.91,81.6,3152,3155,46.6
2024-05-10,2024,5,Summer,Tomato,Barisal,44.07,137.2,4367,2914,43.3
2024-05-11,2024,5,Summer,Cauliflower,Dhaka,42.76,112.6,4427,2682,44.93
2024-05-12,2024,5,Summer,Onion,Chittagong,36.5,114.2,2591,3494,36.54
2024-05-13,2024,5,Summer,Cauliflower,Rajshahi,43.75,106.2,4643,3313,42.53
2024-05-13,2024,5,Summer,Tomato,Barisal,49.91,146.3,3765,2417,48.43
2024-05-14,2024,5,Summer,Cauliflower,Dhaka,55.61,134.7,1381,3793,53.1
2024-05-15,2024,5,Summer,Rice,Chittagong,74.6,137.9,4406,4104,76.06
2024-05-16,2024,5,Summer,Cauliflower,Mymensingh,43.57,92.8,4179,971,43.1
2024-05-17,2024,5,Summer,Onion,Chittagong,38.21,57.4,1707,4480,37.41
2024-05-17,2024,5,Summer,Potato,Dhaka,37.6,92.8,2206,4174,37.0
2024-05-17,2024,5,Summer,Cauliflower,Dhaka,55.41,86.1,1605,3732,53.52
2024-05-17,2024,5,Summer,Cauliflower,Chittagong,47.7,92.4,3796,1809,45.59
2024-05-18,2024,5,Summer,Wheat,Khulna,47.52,147.4,2814,3970,46.02
2024-05-19,2024,5,Summer,Cabbage,Barisal,26.55,60.1,2963,4030,25.62
2024-05-20,2024,5,Summer,Eggplant,Chittagong,48.15,138.9,4008,2120,47.66
2024-05-20,2024,5,Summer,Rice,Barisal,57.09,86.9,4291,3059,59.28
2024-05-20,2024,5,Summer,Potato,Mymensingh,30.08,130.9,2354,1465,29.4
2024-05-20,2024,5,Summer,Onion,Khulna,35.78,97.6,2679,2609,37.35
2024-05-21,2024,5,Summer,Cabbage,Khulna,26.57,118.8,4656,3875,25.65
2024-05-21,2024,5,Summer,Cabbage,Mymensingh,24.18,134.0,3001,1485,25.23
2024-05-21,2024,5,Summer,Tomato,Barisal,50.12,83.8,3367,1334,49.79
2024-05-21,2024,5,Summer,Cabbage,Barisal,26.98,78.4,1251,915,26.74
2024-05-21,2024,5,Summer,Wheat,Khulna,53.26,69.1,4530,4131,51.8
2024-05-22,2024,5,Summer,Cabbage,Rangpur,22.86,94.0,3611,1485,23.54
2024-05-25,2024,5,Summer,Wheat,Barisal,40.96,118.1,3787,1299,41.4
2024-05-27,2024,5,Summer,Wheat,Sylhet,55.14,59.0,3456,1300,53.67
2024-05-28,2024,5,Summer,Tomato,Dhaka,62.89,137.9,4647,4137,59.95
2024-05-28,2024,5,Summer,Tomato,Rangpur,50.01,107.6,1137,955,49.67
2024-05-29,2024,5,Summer,Cauliflower,Rajshahi,41.89,86.3,2785,1626,41.9
2024-05-30,2024,5,Summer,Tomato,Khulna,54.61,123.2,2306,3165,54.08
2024-05-30,2024,5,Summer,Onion,Khulna,40.7,105.9,3824,4205,38.94
2024-05-31,2024,5,Summer,Eggplant,Sylhet,47.16,112.3,3502,1286,48.98
2024-05-31,2024,5,Summer,Potato,Chittagong,36.87,115.1,1153,2336,35.53
2024-06-01,2024,6,Summer,Eggplant,Barisal,37.22,113.8,4825,3325,35.74
2024-06-01,2024,6,Summer,Wheat,Chittagong,59.52,126.3,3166,1688,58.26
2024-06-02,2024,6,Summer,Tomato,Rajshahi,51.85,138.1,4601,1800,52.54
2024-06-02,2024,6,Summer,Cabbage,Dhaka,33.78,86.0,4667,4127,33.66
2024-06-04,2024,6,Summer,Eggplant,Mymensingh,36.07,139.8,1788,2112,36.02
2024-06-05,2024,6,Summer,Rice,Dhaka,77.73,51.2,1188,2732,78.8
2024-06-06,2024,6,Summer,Onion,Mymensingh,34.02,96.3,3783,3210,33.38
2024-06-06,2024,6,Summer,Cabbage,Rangpur,22.33,116.1,3328,4129,22.89
2024-06-07,2024,6,Summer,Wheat,Rangpur,48.13,69.0,1181,3703,48.44
2024-06-07,2024,6,Summer,Potato,Rangpur,30.4,54.4,1699,2172,30.2
2024-06-10,2024,6,Summer,Rice,Mymensingh,59.98,68.8,2481,3350,58.48
2024-06-11,2024,6,Summer,Onion,Rajshahi,33.79,50.2,2445,1785,33.55
2024-06-11,2024,6,Summer,Cabbage,Sylhet,26.72,97.0,1091,2096,27.05
2024-06-12,2024,6,Summer,Cauliflower,Dhaka,49.9,65.9,2274,3706,49.87
2024-06-14,2024,6,Summer,Rice,Chittagong,76.8,105.0,3974,4198,76.35
2024-06-15,2024,6,Summer,Tomato,Chittagong,51.32,113.5,3256,1924,53.32
2024-06-15,2024,6,Summer,Cabbage,Dhaka,31.25,101.6,3583,1001,32.25
2024-06-16,2024,6,Summer,Onion,Barisal,33.88,144.9,4771,2152,33.47
2024-06-16,2024,6,Summer,Cauliflower,Rangpur,39.5,115.6,4222,2136,39.55
2024-06-16,2024,6,Summer,Eggplant,Mymensingh,36.46,116.2,3008,2867,37.35
2024-06-17,2024,6,Summer,Rice,Sylhet,67.87,118.2,4816,1340,68.05
2024-06-19,2024,6,Summer,Wheat,Dhaka,59.46,63.0,4577,928,61.29
2024-06-19,2024,6,Summer,Cauliflower,Rajshahi,41.66,52.9,4336,1285,42.85
2024-06-19,2024,6,Summer,Wheat,Chittagong,52.25,90.1,3418,1216,51.02
2024-06-20,2024,6,Summer,Wheat,Rangpur,49.64,124.6,1907,2164,48.29
2024-06-20,2024,6,Summer,Eggplant,Rajshahi,39.9,82.3,3625,2119,41.52
2024-06-20,2024,6,Summer,Onion,Khulna,35.18,127.7,2324,3604,33.75
2024-06-21,2024,6,Summer,Cauliflower,Chittagong,49.21,109.1,2539,1162,51.76
2024-06-22,2024,6,Summer,Cauliflower,Chittagong,44.59,144.2,2620,3200,46.44
2024-06-22,2024,6,Summer,Onion,Rajshahi,35.37,128.6,1652,2503,35.22
2024-06-23,2024,6,Summer,Tomato,Dhaka,53.83,148.4,1224,831,55.47
2024-06-23,2024,6,Summer,Potato,Dhaka,36.03,85.7,4748,2132,34.76
2024-06-23,2024,6,Summer,Tomato,Mymensingh,46.47,102.3,3498,1162,47.68
2024-06-24,2024,6,Summer,Cauliflower,Chittagong,53.72,61.2,4394,3043,51.64
2024-06-24,2024,6,Summer,Cauliflower,Rangpur,41.24,108.7,2425,2241,39.86
2024-06-24,2024,6,Summer,Rice,Barisal,64.59,63.2,4525,4236,64.15
2024-06-28,2024,6,Summer,Wheat,Chittagong,56.64,63.0,3471,3008,54.84
2024-06-28,2024,6,Summer,Wheat,Rangpur,46.56,57.6,4353,1337,44.67
2024-06-29,2024,6,Summer,Cauliflower,Mymensingh,40.1,77.3,1645,1920,41.71
2024-06-30,2024,6,Summer,Cauliflower,Sylhet,42.82,101.3,3036,2708,44.61
2024-06-30,2024,6,Summer,Cauliflower,Mymensingh,38.34,106.2,3325,995,38.73
2024-07-01,2024,7,Monsoon,Rice,Rajshahi,66.02,367.5,4825,948,62.89
2024-07-03,2024,7,Monsoon,Wheat,Rangpur,49.29,258.6,3574,3333,47.46
2024-07-03,2024,7,Monsoon,Potato,Barisal,25.6,291.5,2074,3547,24.7
2024-07-04,2024,7,Monsoon,Potato,Rangpur,25.92,334.1,4043,3652,24.81
2024-07-05,2024,7,Monsoon,Eggplant,Mymensingh,37.03,346.2,2099,2120,35.77
2024-07-06,2024,7,Monsoon,Onion,Mymensingh,38.88,331.9,2132,1017,40.11
2024-07-07,2024,7,Monsoon,Cauliflower,Rangpur,33.3,228.0,3823,3766,34.77
2024-07-07,2024,7,Monsoon,Tomato,Sylhet,48.71,219.2,2609,3141,48.47
2024-07-07,2024,7,Monsoon,Tomato,Mymensingh,41.76,366.9,2840,867,43.79
2024-07-08,2024,7,Monsoon,Rice,Barisal,67.47,220.5,4555,3566,65.89
2024-07-09,2024,7,Monsoon,Rice,Dhaka,79.03,214.9,4350,3537,82.77
2024-07-09,2024,7,Monsoon,Rice,Mymensingh,65.35,398.0,1419,3814,63.26
2024-07-10,2024,7,Monsoon,Rice,Rangpur,63.99,271.8,3230,4000,64.09
2024-07-10,2024,7,Monsoon,Cauliflower,Barisal,36.71,337.0,2233,1911,36.04
2024-07-12,2024,7,Monsoon,Wheat,Rangpur,47.53,218.7,1952,2869,47.05
2024-07-12,2024,7,Monsoon,Potato,Dhaka,34.73,292.3,3901,1658,34.95
2024-07-12,2024,7,Monsoon,Tomato,Rajshahi,44.25,377.4,4954,4056,42.68
2024-07-13,2024,7,Monsoon,Onion,Mymensingh,35.38,287.2,1118,2392,35.97
2024-07-13,2024,7,Monsoon,Onion,Rajshahi,34.54,282.0,1954,3018,35.08
2024-07-13,2024,7,Monsoon,Cauliflower,Sylhet,41.43,258.0,4866,3889,39.53
2024-07-14,2024,7,Monsoon,Cauliflower,Khulna,34.06,324.8,2190,3612,34.6
2024-07-14,2024,7,Monsoon,Potato,Dhaka,32.88,303.2,1764,3162,32.88
2024-07-15,2024,7,Monsoon,Cauliflower,Khulna,34.93,312.1,2616,1823,36.15
2024-07-17,2024,7,Monsoon,Potato,Rangpur,26.26,376.1,2948,2755,25.87
2024-07-17,2024,7,Monsoon,Cabbage,Rangpur,22.58,215.8,2819,4081,22.42
2024-07-17,2024,7,Monsoon,Cabbage,Barisal,23.19,306.8,3457,2614,22.23
2024-07-18,2024,7,Monsoon,Cabbage,Dhaka,24.97,389.0,3830,1410,24.86
2024-07-20,2024,7,Monsoon,Potato,Sylhet,29.36,242.1,2404,1633,28.82
2024-07-20,2024,7,Monsoon,Cabbage,Rangpur,20.31,317.2,2556,1151,19.77
2024-07-20,2024,7,Monsoon,Rice,Rangpur,67.02,283.7,3193,3614,64.65
2024-07-21,2024,7,Monsoon,Tomato,Chittagong,53.91,226.9,1472,4444,56.11
2024-07-21,2024,7,Monsoon,Potato,Khulna,28.58,388.1,3774,3864,27.47
2024-07-21,2024,7,Monsoon,Rice,Rangpur,63.72,208.7,2584,2329,65.33
2024-07-21,2024,7,Monsoon,Potato,Chittagong,31.03,289.9,4356,1878,30.9
2024-07-22,2024,7,Monsoon,Onion,Mymensingh,37.68,298.2,4247,870,39.28
2024-07-22,2024,7,Monsoon,Eggplant,Sylhet,45.87,315.5,4171,3689,46.34
2024-07-22,2024,7,Monsoon,Tomato,Khulna,41.83,379.4,3690,1362,43.63
2024-07-23,2024,7,Monsoon,Eggplant,Rajshahi,35.65,243.5,1239,3172,34.83
2024-07-23,2024,7,Monsoon,Cabbage,Barisal,21.99,303.9,4756,4377,23.12
2024-07-24,2024,7,Monsoon,Potato,Rangpur,24.85,240.7,3648,1123,23.84
2024-07-25,2024,7,Monsoon,Cauliflower,Mymensingh,36.7,204.3,2547,2267,35.89
2024-07-28,2024,7,Monsoon,Onion,Rangpur,33.19,317.9,4315,4360,34.91
2024-07-28,2024,7,Monsoon,Tomato,Sylhet,53.32,296.3,2377,1932,52.58
2024-07-29,2024,7,Monsoon,Wheat,Sylhet,64.52,340.8,1878,3306,65.93
2024-07-31,2024,7,Monsoon,Tomato,Khulna,47.93,318.3,3020,3964,46.64
2024-08-01,2024,8,Monsoon,Onion,Barisal,37.72,337.6,3532,1190,37.97
2024-08-01,2024,8,Monsoon,Potato,Barisal,22.77,306.6,3946,1284,23.51
2024-08-02,2024,8,Monsoon,Eggplant,Chittagong,45.86,253.6,3224,4172,43.71
2024-08-02,2024,8,Monsoon,Cauliflower,Rangpur,30.22,205.2,3445,1697,31.71
2024-08-02,2024,8,Monsoon,Wheat,Mymensingh,52.39,349.1,1974,2220,49.98
2024-08-02,2024,8,Monsoon,Potato,Mymensingh,27.54,208.1,4118,2797,28.3
2024-08-03,2024,8,Monsoon,Potato,Barisal,25.08,293.7,4553,4205,24.83
2024-08-05,2024,8,Monsoon,Eggplant,Mymensingh,35.88,370.9,3075,1028,36.27
2024-08-05,2024,8,Monsoon,Potato,Khulna,30.92,360.3,2158,2123,30.02
2024-08-06,2024,8,Monsoon,Onion,Dhaka,48.57,283.8,3390,3115,48.46
2024-08-06,2024,8,Monsoon,Cauliflower,Sylhet,39.82,233.7,3883,1998,40.68
2024-08-06,2024,8,Monsoon,Eggplant,Rajshahi,35.83,343.1,4190,1131,35.87
2024-08-07,2024,8,Monsoon,Eggplant,Khulna,39.76,361.5,1779,1186,41.43
2024-08-07,2024,8,Monsoon,Potato,Chittagong,35.16,289.8,4887,1484,33.57
2024-08-08,2024,8,Monsoon,Onion,Barisal,38.48,300.3,4922,1053,38.67
2024-08-10,2024,8,Monsoon,Potato,Mymensingh,24.05,222.5,2961,4487,25.21
2024-08-12,2024,8,Monsoon,Wheat,Khulna,56.28,357.3,1606,1341,57.22
2024-08-13,2024,8,Monsoon,Wheat,Mymensingh,53.84,272.0,3046,4319,53.48
2024-08-13,2024,8,Monsoon,Wheat,Sylhet,58.46,361.7,2562,1121,56.87
2024-08-14,2024,8,Monsoon,Cauliflower,Barisal,30.59,229.9,4443,927,31.09
2024-08-16,2024,8,Monsoon,Cauliflower,Mymensingh,35.03,335.1,3093,2738,34.03
2024-08-16,2024,8,Monsoon,Eggplant,Barisal,37.09,325.4,1618,2601,38.76
2024-08-17,2024,8,Monsoon,Rice,Rajshahi,67.34,290.6,2193,2397,66.57
2024-08-17,2024,8,Monsoon,Onion,Khulna,39.44,379.6,3062,3586,39.75
2024-08-19,2024,8,Monsoon,Cauliflower,Barisal,37.07,255.3,3483,1596,37.24
2024-08-19,2024,8,Monsoon,Onion,Khulna,39.51,260.1,3336,2437,39.24
2024-08-20,2024,8,Monsoon,Eggplant,Chittagong,44.95,289.1,1227,2657,46.67
2024-08-21,2024,8,Monsoon,Wheat,Rajshahi,48.92,289.9,2286,2465,50.85
2024-08-22,2024,8,Monsoon,Potato,Rangpur,25.05,290.2,1732,2658,24.83
2024-08-22,2024,8,Monsoon,Tomato,Mymensingh,42.18,292.7,1109,4040,44.39
2024-08-23,2024,8,Monsoon,Tomato,Chittagong,46.66,212.9,4696,3445,46.93
2024-08-23,2024,8,Monsoon,Rice,Mymensingh,61.23,213.5,3595,4030,58.35
2024-08-24,2024,8,Monsoon,Wheat,Sylhet,60.34,381.4,3115,2462,61.24
2024-08-25,2024,8,Monsoon,Cabbage,Sylhet,24.8,212.0,4932,3831,25.84
2024-08-25,2024,8,Monsoon,Wheat,Mymensingh,56.11,317.9,3065,1351,53.62
2024-08-26,2024,8,Monsoon,Tomato,Rajshahi,44.54,302.1,2625,2290,44.53
2024-08-27,2024,8,Monsoon,Wheat,Barisal,50.6,216.2,4402,3698,49.81
2024-08-28,2024,8,Monsoon,Cabbage,Rangpur,20.84,268.4,3843,1767,21.54
2024-08-28,2024,8,Monsoon,Potato,Mymensingh,24.79,235.1,4205,3670,25.46
2024-08-28,2024,8,Monsoon,Eggplant,Mymensingh,34.09,346.0,4015,4374,34.98
2024-08-31,2024,8,Monsoon,Cabbage,Mymensingh,21.3,390.8,4026,4469,22.32
2024-08-31,2024,8,Monsoon,Potato,Sylhet,28.74,389.5,1822,2762,29.28
2024-09-01,2024,9,Monsoon,Cabbage,Barisal,19.15,254.7,2845,2809,19.69
2024-09-02,2024,9,Monsoon,Tomato,Dhaka,54.02,238.2,1988,3749,54.53
2024-09-02,2024,9,Monsoon,Cabbage,Chittagong,24.59,349.7,4700,3773,24.98
2024-09-03,2024,9,Monsoon,Tomato,Mymensingh,42.31,286.0,4248,3674,44.01
2024-09-04,2024,9,Monsoon,Cabbage,Sylhet,24.13,341.8,4233,829,23.94
2024-09-05,2024,9,Monsoon,Rice,Sylhet,83.09,243.3,3484,2730,80.15
2024-09-06,2024,9,Monsoon,Eggplant,Khulna,37.97,241.4,3614,1995,36.24
2024-09-06,2024,9,Monsoon,Cabbage,Barisal,23.66,344.3,3684,2837,22.54
2024-09-06,2024,9,Monsoon,Rice,Khulna,75.69,255.6,3574,3083,73.34
2024-09-10,2024,9,Monsoon,Cabbage,Rajshahi,22.02,284.8,4359,2643,22.28
2024-09-11,2024,9,Monsoon,Cauliflower,Dhaka,46.79,205.7,1186,3427,45.56
2024-09-12,2024,9,Monsoon,Eggplant,Sylhet,43.71,246.0,4284,2243,44.97
2024-09-12,2024,9,Monsoon,Rice,Dhaka,81.86,357.8,1981,1836,81.43
2024-09-16,2024,9,Monsoon,Onion,Sylhet,49.69,200.3,1098,2704,49.07
2024-09-16,2024,9,Monsoon,Eggplant,Rajshahi,37.15,227.3,3948,1595,36.67
2024-09-17,2024,9,Monsoon,Wheat,Mymensingh,54.43,326.0,1796,3742,53.38
2024-09-18,2024,9,Monsoon,Tomato,Khulna,46.29,246.2,1106,2271,48.32
2024-09-19,2024,9,Monsoon,Rice,Dhaka,83.63,231.4,4476,2722,80.79
2024-09-19,2024,9,Monsoon,Tomato,Sylhet,51.08,306.4,2101,2491,52.72
2024-09-19,2024,9,Monsoon,Tomato,Barisal,44.2,233.0,4018,2812,43.06
2024-09-20,2024,9,Monsoon,Potato,Rangpur,27.3,218.6,3102,2199,26.07
2024-09-21,2024,9,Monsoon,Rice,Sylhet,75.71,392.8,1249,2761,73.17
2024-09-22,2024,9,Monsoon,Tomato,Rangpur,42.8,200.1,2175,1660,43.1
2024-09-24,2024,9,Monsoon,Eggplant,Barisal,33.68,368.9,1996,2584,33.38
2024-09-24,2024,9,Monsoon,Potato,Sylhet,32.44,318.0,3752,1348,33.06
2024-09-25,2024,9,Monsoon,Cabbage,Dhaka,25.52,375.8,3828,1773,26.72
2024-09-25,2024,9,Monsoon,Tomato,Khulna,50.52,291.2,2396,2288,48.93
2024-09-25,2024,9,Monsoon,Wheat,Dhaka,67.2,214.5,4801,2859,69.96
2024-09-27,2024,9,Monsoon,Cabbage,Barisal,21.91,286.1,4373,4320,21.58
2024-09-27,2024,9,Monsoon,Cauliflower,Mymensingh,36.62,376.2,3353,4358,37.46
2024-09-27,2024,9,Monsoon,Onion,Barisal,39.46,331.7,3207,4154,39.91
2024-09-27,2024,9,Monsoon,Onion,Rajshahi,44.57,276.8,2395,1652,43.21
2024-09-28,2024,9,Monsoon,Tomato,Chittagong,50.4,268.5,1466,2441,50.91
2024-09-28,2024,9,Monsoon,Onion,Dhaka,51.73,264.2,4751,4061,49.53
2024-09-29,2024,9,Monsoon,Eggplant,Khulna,36.34,230.4,4971,2991,38.16
2024-09-29,2024,9,Monsoon,Wheat,Khulna,61.64,309.9,2110,1379,59.02
2024-09-30,2024,9,Monsoon,Tomato,Dhaka,55.46,321.2,1290,853,53.17
2024-10-01,2024,10,Monsoon,Wheat,Chittagong,65.78,254.7,3320,4081,65.58
2024-10-02,2024,10,Monsoon,Eggplant,Dhaka,42.57,309.8,4799,1979,42.84
2024-10-04,2024,10,Monsoon,Potato,Sylhet,28.24,345.4,4306,1074,29.46
2024-10-04,2024,10,Monsoon,Wheat,Rangpur,56.45,266.6,1133,2014,56.87
2024-10-06,2024,10,Monsoon,Rice,Rajshahi,62.02,251.7,1737,2916,59.3
2024-10-07,2024,10,Monsoon,Cabbage,Rangpur,19.6,277.9,1484,2990,20.62
2024-10-07,2024,10,Monsoon,Wheat,Sylhet,61.56,380.7,3191,3988,64.73
2024-10-08,2024,10,Monsoon,Potato,Barisal,27.45,200.9,2120,1657,26.75
2024-10-09,2024,10,Monsoon,Cabbage,Rajshahi,23.84,357.0,4332,1647,23.13
2024-10-09,2024,10,Monsoon,Cabbage,Rajshahi,19.76,297.4,1026,829,20.41
2024-10-10,2024,10,Monsoon,Rice,Chittagong,77.86,243.0,2719,2658,79.12
2024-10-10,2024,10,Monsoon,Tomato,Sylhet,51.58,314.0,2542,3477,52.21
2024-10-11,2024,10,Monsoon,Wheat,Mymensingh,58.09,300.1,4553,3588,58.79
2024-10-12,2024,10,Monsoon,Cauliflower,Chittagong,45.0,279.5,4965,2559,43.58
2024-10-12,2024,10,Monsoon,Wheat,Dhaka,66.93,297.8,2827,1527,63.98
2024-10-14,2024,10,Monsoon,Tomato,Rajshahi,49.02,221.4,1756,907,47.77
2024-10-15,2024,10,Monsoon,Wheat,Chittagong,69.04,331.5,2454,1481,68.04
2024-10-15,2024,10,Monsoon,Potato,Khulna,27.3,371.4,3003,4331,26.01
2024-10-16,2024,10,Monsoon,Wheat,Dhaka,67.96,249.0,1571,3816,70.77
2024-10-16,2024,10,Monsoon,Eggplant,Chittagong,38.32,381.0,3444,2995,40.27
2024-10-16,2024,10,Monsoon,Eggplant,Sylhet,46.41,338.4,3734,3953,45.19
2024-10-16,2024,10,Monsoon,Tomato,Rangpur,41.75,292.4,3326,3893,40.09
2024-10-17,2024,10,Monsoon,Eggplant,Mymensingh,33.38,370.1,4812,4092,33.32
2024-10-18,2024,10,Monsoon,Cabbage,Barisal,23.08,223.1,4974,1869,23.85
2024-10-18,2024,10,Monsoon,Potato,Dhaka,30.64,325.7,2285,3158,31.98
2024-10-19,2024,10,Monsoon,Tomato,Mymensingh,41.87,361.5,2663,2018,42.07
2024-10-19,2024,10,Monsoon,Cabbage,Rajshahi,21.06,276.3,1764,2625,22.06
2024-10-20,2024,10,Monsoon,Rice,Sylhet,70.02,254.7,4122,2065,67.19
2024-10-22,2024,10,Monsoon,Wheat,Khulna,61.06,320.0,3488,1967,59.4
2024-10-23,2024,10,Monsoon,Wheat,Dhaka,64.61,267.9,4529,1247,66.28
2024-10-23,2024,10,Monsoon,Cabbage,Barisal,23.81,276.5,4561,2346,24.11
2024-10-23,2024,10,Monsoon,Rice,Khulna,69.29,222.5,3046,3413,68.65
2024-10-23,2024,10,Monsoon,Cabbage,Rangpur,20.3,215.8,3561,1781,20.27
2024-10-24,2024,10,Monsoon,Tomato,Mymensingh,42.63,310.1,1249,1159,43.59
2024-10-24,2024,10,Monsoon,Onion,Khulna,40.94,281.9,1082,4341,39.82
2024-10-24,2024,10,Monsoon,Wheat,Rajshahi,48.37,343.4,1155,1158,50.53
2024-10-24,2024,10,Monsoon,Wheat,Barisal,54.24,392.2,1329,4245,54.46
2024-10-25,2024,10,Monsoon,Tomato,Rajshahi,41.64,267.4,2208,3125,40.93
2024-10-25,2024,10,Monsoon,Cauliflower,Dhaka,41.42,311.0,1504,971,43.58
2024-10-26,2024,10,Monsoon,Potato,Sylhet,30.49,334.6,2996,3973,29.79
2024-10-27,2024,10,Monsoon,Tomato,Rajshahi,48.07,375.3,1382,3481,48.75
2024-10-28,2024,10,Monsoon,Onion,Rajshahi,37.41,359.8,1136,2007,39.3
2024-10-29,2024,10,Monsoon,Tomato,Barisal,42.27,360.5,2045,3480,41.92
2024-10-30,2024,10,Monsoon,Rice,Rangpur,56.77,304.9,2307,3011,56.4
2024-10-31,2024,10,Monsoon,Potato,Chittagong,31.29,360.2,4014,4102,30.02
2024-11-01,2024,11,Winter,Onion,Rangpur,38.86,26.0,2388,4189,39.04
2024-11-02,2024,11,Winter,Wheat,Rajshahi,48.03,54.0,2900,3890,47.73
2024-11-02,2024,11,Winter,Cabbage,Rajshahi,18.5,75.7,2268,3089,18.73
2024-11-02,2024,11,Winter,Potato,Rajshahi,22.39,59.8,4393,1813,21.82
2024-11-02,2024,11,Winter,Eggplant,Mymensingh,36.91,70.8,4955,3848,36.54
2024-11-03,2024,11,Winter,Eggplant,Khulna,38.91,34.5,3278,2305,40.47
2024-11-03,2024,11,Winter,Potato,Barisal,20.0,56.5,4754,2232,20.39
2024-11-03,2024,11,Winter,Onion,Sylhet,48.9,65.4,4018,1029,47.64
2024-11-03,2024,11,Winter,Onion,Chittagong,48.34,18.4,4507,3276,50.2
2024-11-03,2024,11,Winter,Potato,Chittagong,28.85,27.7,2912,3505,27.64
2024-11-04,2024,11,Winter,Potato,Chittagong,24.0,19.6,1046,1471,24.01
2024-11-04,2024,11,Winter,Potato,Sylhet,24.76,19.0,2059,3770,24.02
2024-11-04,2024,11,Winter,Wheat,Rangpur,43.42,60.7,1575,1766,45.17
2024-11-05,2024,11,Winter,Cabbage,Sylhet,19.74,70.6,4187,3850,18.85
2024-11-06,2024,11,Winter,Onion,Rangpur,37.26,70.5,4960,3967,38.1
2024-11-06,2024,11,Winter,Eggplant,Dhaka,39.36,48.6,1048,868,39.24
2024-11-06,2024,11,Winter,Tomato,Rajshahi,41.06,34.0,2857,3243,40.69
2024-11-06,2024,11,Winter,Cauliflower,Chittagong,26.44,70.7,3659,2383,27.17
2024-11-06,2024,11,Winter,Potato,Rajshahi,24.48,22.5,3916,1010,24.68
2024-11-06,2024,11,Winter,Rice,Mymensingh,51.98,27.7,1271,2035,51.12
2024-11-07,2024,11,Winter,Eggplant,Sylhet,45.67,47.3,3516,4292,44.47
2024-11-08,2024,11,Winter,Onion,Rangpur,37.62,25.7,1610,1888,36.43
2024-11-08,2024,11,Winter,Tomato,Mymensingh,41.19,48.5,1298,4011,40.35
2024-11-09,2024,11,Winter,Potato,Khulna,22.95,69.6,4793,4080,23.2
2024-11-09,2024,11,Winter,Onion,Rajshahi,44.1,19.8,1652,1533,43.81
2024-11-10,2024,11,Winter,Wheat,Sylhet,50.89,56.7,2336,2448,49.91
2024-11-10,2024,11,Winter,Onion,Dhaka,49.42,50.0,2705,1114,50.71
2024-11-12,2024,11,Winter,Eggplant,Mymensingh,32.76,19.2,4233,2055,33.87
2024-11-14,2024,11,Winter,Wheat,Chittagong,52.98,66.6,2695,3898,52.51
2024-11-14,2024,11,Winter,Tomato,Barisal,39.55,13.4,2707,1530,40.94
2024-11-16,2024,11,Winter,Eggplant,Rajshahi,40.15,64.6,1307,3763,39.27
2024-11-16,2024,11,Winter,Wheat,Mymensingh,38.05,51.7,2332,3073,39.65
2024-11-17,2024,11,Winter,Tomato,Chittagong,44.62,22.0,3986,1802,46.17
2024-11-17,2024,11,Winter,Wheat,Mymensingh,43.42,16.5,4286,3661,43.56
2024-11-17,2024,11,Winter,Eggplant,Sylhet,38.52,74.3,4317,1566,39.67
2024-11-18,2024,11,Winter,Rice,Mymensingh,55.64,15.1,3751,1075,57.06
2024-11-19,2024,11,Winter,Tomato,Dhaka,49.45,22.3,3125,3468,49.74
2024-11-19,2024,11,Winter,Cauliflower,Khulna,25.58,20.0,3704,2935,26.31
2024-11-19,2024,11,Winter,Potato,Rajshahi,22.17,58.6,2320,3709,23.06
2024-11-19,2024,11,Winter,Rice,Chittagong,58.88,16.8,1425,3607,59.2
2024-11-20,2024,11,Winter,Wheat,Rangpur,43.11,65.8,3970,4372,42.31
2024-11-21,2024,11,Winter,Cabbage,Barisal,15.77,37.6,2083,2997,16.39
2024-11-21,2024,11,Winter,Cauliflower,Dhaka,28.67,35.6,3535,967,29.06
2024-11-23,2024,11,Winter,Cabbage,Mymensingh,16.56,54.3,3571,2496,16.77
2024-11-23,2024,11,Winter,Onion,Rajshahi,43.48,46.9,3651,2949,45.37
2024-11-24,2024,11,Winter,Potato,Chittagong,26.76,34.2,3406,2025,26.39
2024-11-24,2024,11,Winter,Potato,Chittagong,26.71,10.6,3662,1472,26.87
2024-11-24,2024,11,Winter,Onion,Barisal,40.55,34.7,3194,839,39.75
2024-11-25,2024,11,Winter,Eggplant,Mymensingh,36.94,64.5,3059,2960,37.24
2024-11-25,2024,11,Winter,Cabbage,Rangpur,16.57,13.0,3170,2557,17.03
2024-11-25,2024,11,Winter,Potato,Khulna,26.75,12.6,1579,2802,26.34
2024-11-25,2024,11,Winter,Cabbage,Barisal,16.23,57.9,3235,1362,16.52
2024-11-25,2024,11,Winter,Wheat,Sylhet,44.58,53.2,1902,2626,45.23
2024-11-26,2024,11,Winter,Cabbage,Rajshahi,18.78,74.4,3548,2987,19.71
2024-11-26,2024,11,Winter,Potato,Dhaka,24.72,52.5,4200,2594,25.93
2024-11-26,2024,11,Winter,Cauliflower,Rajshahi,25.43,53.6,4113,1113,25.03
2024-11-27,2024,11,Winter,Eggplant,Dhaka,39.1,34.1,1493,4323,39.41
2024-11-27,2024,11,Winter,Cabbage,Khulna,18.84,64.9,2976,1532,19.09
2024-11-28,2024,11,Winter,Onion,Dhaka,51.05,59.0,1781,877,51.35
2024-11-29,2024,11,Winter,Rice,Mymensingh,57.17,55.3,3462,4080,60.13
2024-11-30,2024,11,Winter,Potato,Barisal,19.88,79.5,2609,2966,20.65
2024-11-30,2024,11,Winter,Wheat,Rajshahi,45.86,61.5,1488,2345,48.07
2024-11-30,2024,11,Winter,Onion,Mymensingh,41.88,26.4,1991,4374,42.89
2024-11-30,2024,11,Winter,Rice,Chittagong,70.73,54.6,4916,4258,71.22
2024-12-01,2024,12,Winter,Potato,Mymensingh,23.4,17.9,2684,2605,24.51
2024-12-01,2024,12,Winter,Cabbage,Rajshahi,19.05,22.4,4692,3318,18.86
2024-12-02,2024,12,Winter,Eggplant,Mymensingh,37.31,66.8,1258,3732,36.31
2024-12-02,2024,12,Winter,Cauliflower,Sylhet,31.97,44.2,3963,3428,31.22
2024-12-02,2024,12,Winter,Cabbage,Chittagong,20.68,68.0,4598,3836,20.13
2024-12-02,2024,12,Winter,Potato,Barisal,23.09,68.2,3099,1618,23.11
2024-12-03,2024,12,Winter,Cauliflower,Barisal,24.07,29.3,4965,1300,23.04
2024-12-03,2024,12,Winter,Tomato,Dhaka,45.61,70.0,1607,1173,44.67
2024-12-03,2024,12,Winter,Rice,Sylhet,64.33,17.1,3131,1905,63.55
2024-12-03,2024,12,Winter,Tomato,Chittagong,44.73,74.9,2562,2418,43.33
2024-12-05,2024,12,Winter,Onion,Dhaka,47.28,29.4,4975,1073,46.82
2024-12-05,2024,12,Winter,Cauliflower,Chittagong,29.33,34.6,1588,852,30.43
2024-12-06,2024,12,Winter,Rice,Rajshahi,56.74,43.9,1835,2193,56.14
2024-12-07,2024,12,Winter,Eggplant,Barisal,35.06,60.9,4733,2244,34.66
2024-12-07,2024,12,Winter,Tomato,Rajshahi,35.13,42.2,1639,1366,35.98
2024-12-08,2024,12,Winter,Rice,Sylhet,60.16,52.5,1772,3863,60.82
2024-12-08,2024,12,Winter,Potato,Dhaka,25.32,27.8,4436,3379,26.39
2024-12-10,2024,12,Winter,Tomato,Mymensingh,35.01,27.3,3285,2022,36.0
2024-12-11,2024,12,Winter,Rice,Barisal,50.72,56.0,4477,3823,49.59
2024-12-11,2024,12,Winter,Potato,Khulna,23.86,24.7,1321,2540,23.41
2024-12-13,2024,12,Winter,Onion,Rangpur,42.51,48.6,4176,1959,43.02
2024-12-13,2024,12,Winter,Onion,Dhaka,49.07,61.1,3576,2966,46.79
2024-12-14,2024,12,Winter,Onion,Sylhet,50.17,69.4,3677,4315,49.43
2024-12-14,2024,12,Winter,Cauliflower,Rajshahi,24.79,74.8,1166,1346,25.82
2024-12-16,2024,12,Winter,Eggplant,Chittagong,38.8,54.1,4273,1780,38.0
2024-12-16,2024,12,Winter,Eggplant,Barisal,36.7,10.8,1863,2354,36.41
2024-12-18,2024,12,Winter,Cabbage,Chittagong,21.63,20.4,3408,3186,21.09
2024-12-18,2024,12,Winter,Potato,Rangpur,22.5,17.3,3944,3330,23.39
2024-12-19,2024,12,Winter,Cabbage,Dhaka,20.42,32.3,4312,3304,21.01
2024-12-21,2024,12,Winter,Tomato,Chittagong,45.42,75.8,2505,3317,46.72
2024-12-22,2024,12,Winter,Rice,Chittagong,68.59,67.9,1173,4395,65.35
2024-12-22,2024,12,Winter,Cauliflower,Chittagong,31.51,77.3,1327,1381,30.8
2024-12-23,2024,12,Winter,Cabbage,Rangpur,19.28,65.5,3670,1423,19.29
2024-12-24,2024,12,Winter,Potato,Mymensingh,22.97,31.9,2593,2796,22.38
2024-12-27,2024,12,Winter,Tomato,Mymensingh,40.63,66.0,4872,3639,39.41
2024-12-27,2024,12,Winter,Eggplant,Mymensingh,34.15,69.2,4550,1406,35.49
2024-12-30,2024,12,Winter,Cabbage,Rangpur,18.51,15.8,3197,3002,18.3
2024-12-30,2024,12,Winter,Cabbage,Sylhet,23.4,19.4,4002,2158,22.55
2024-12-30,2024,12,Winter,Onion,Mymensingh,38.91,32.7,3656,3714,37.79